x,y,z
0,0,0
6.1500000000000004e-05,0,0
6.1500000000000004e-05,0,3.3000000000000002e-06
0,0,3.3000000000000002e-06
6.1500000000000004e-05,0,6.6000000000000003e-06
0,0,6.6000000000000003e-06
6.1500000000000004e-05,0,9.9000000000000001e-06
0,0,9.9000000000000001e-06
6.1500000000000004e-05,0,1.3200000000000001e-05
0,0,1.3200000000000001e-05
6.1500000000000004e-05,0,1.6500000000000001e-05
0,0,1.6500000000000001e-05
6.1500000000000004e-05,0,1.98e-05
0,0,1.98e-05
6.1500000000000004e-05,0,2.3099999999999999e-05
0,0,2.3099999999999999e-05
6.1500000000000004e-05,0,2.6400000000000001e-05
0,0,2.6400000000000001e-05
6.1500000000000004e-05,0,2.97e-05
0,0,2.97e-05
6.1500000000000004e-05,0,3.3000000000000003e-05
0,0,3.3000000000000003e-05
0.00012300000000000001,0,0
0.00012300000000000001,0,3.3000000000000002e-06
0.00012300000000000001,0,6.6000000000000003e-06
0.00012300000000000001,0,9.9000000000000001e-06
0.00012300000000000001,0,1.3200000000000001e-05
0.00012300000000000001,0,1.6500000000000001e-05
0.00012300000000000001,0,1.98e-05
0.00012300000000000001,0,2.3099999999999999e-05
0.00012300000000000001,0,2.6400000000000001e-05
0.00012300000000000001,0,2.97e-05
0.00012300000000000001,0,3.3000000000000003e-05
0.00018450000000000001,0,0
0.00018450000000000001,0,3.3000000000000002e-06
0.00018450000000000001,0,6.6000000000000003e-06
0.00018450000000000001,0,9.9000000000000001e-06
0.00018450000000000001,0,1.3200000000000001e-05
0.00018450000000000001,0,1.6500000000000001e-05
0.00018450000000000001,0,1.98e-05
0.00018450000000000001,0,2.3099999999999999e-05
0.00018450000000000001,0,2.6400000000000001e-05
0.00018450000000000001,0,2.97e-05
0.00018450000000000001,0,3.3000000000000003e-05
0.00024600000000000002,0,0
0.00024600000000000002,0,3.3000000000000002e-06
0.00024600000000000002,0,6.6000000000000003e-06
0.00024600000000000002,0,9.9000000000000001e-06
0.00024600000000000002,0,1.3200000000000001e-05
0.00024600000000000002,0,1.6500000000000001e-05
0.00024600000000000002,0,1.98e-05
0.00024600000000000002,0,2.3099999999999999e-05
0.00024600000000000002,0,2.6400000000000001e-05
0.00024600000000000002,0,2.97e-05
0.00024600000000000002,0,3.3000000000000003e-05
0.00030749999999999999,0,0
0.00030749999999999999,0,3.3000000000000002e-06
0.00030749999999999999,0,6.6000000000000003e-06
0.00030749999999999999,0,9.9000000000000001e-06
0.00030749999999999999,0,1.3200000000000001e-05
0.00030749999999999999,0,1.6500000000000001e-05
0.00030749999999999999,0,1.98e-05
0.00030749999999999999,0,2.3099999999999999e-05
0.00030749999999999999,0,2.6400000000000001e-05
0.00030749999999999999,0,2.97e-05
0.00030749999999999999,0,3.3000000000000003e-05
0.00036900000000000002,0,0
0.00036900000000000002,0,3.3000000000000002e-06
0.00036900000000000002,0,6.6000000000000003e-06
0.00036900000000000002,0,9.9000000000000001e-06
0.00036900000000000002,0,1.3200000000000001e-05
0.00036900000000000002,0,1.6500000000000001e-05
0.00036900000000000002,0,1.98e-05
0.00036900000000000002,0,2.3099999999999999e-05
0.00036900000000000002,0,2.6400000000000001e-05
0.00036900000000000002,0,2.97e-05
0.00036900000000000002,0,3.3000000000000003e-05
0.0004305,0,0
0.0004305,0,3.3000000000000002e-06
0.0004305,0,6.6000000000000003e-06
0.0004305,0,9.9000000000000001e-06
0.0004305,0,1.3200000000000001e-05
0.0004305,0,1.6500000000000001e-05
0.0004305,0,1.98e-05
0.0004305,0,2.3099999999999999e-05
0.0004305,0,2.6400000000000001e-05
0.0004305,0,2.97e-05
0.0004305,0,3.3000000000000003e-05
0.00049200000000000003,0,0
0.00049200000000000003,0,3.3000000000000002e-06
0.00049200000000000003,0,6.6000000000000003e-06
0.00049200000000000003,0,9.9000000000000001e-06
0.00049200000000000003,0,1.3200000000000001e-05
0.00049200000000000003,0,1.6500000000000001e-05
0.00049200000000000003,0,1.98e-05
0.00049200000000000003,0,2.3099999999999999e-05
0.00049200000000000003,0,2.6400000000000001e-05
0.00049200000000000003,0,2.97e-05
0.00049200000000000003,0,3.3000000000000003e-05
0.00055349999999999996,0,0
0.00055349999999999996,0,3.3000000000000002e-06
0.00055349999999999996,0,6.6000000000000003e-06
0.00055349999999999996,0,9.9000000000000001e-06
0.00055349999999999996,0,1.3200000000000001e-05
0.00055349999999999996,0,1.6500000000000001e-05
0.00055349999999999996,0,1.98e-05
0.00055349999999999996,0,2.3099999999999999e-05
0.00055349999999999996,0,2.6400000000000001e-05
0.00055349999999999996,0,2.97e-05
0.00055349999999999996,0,3.3000000000000003e-05
0.00061499999999999999,0,0
0.00061499999999999999,0,3.3000000000000002e-06
0.00061499999999999999,0,6.6000000000000003e-06
0.00061499999999999999,0,9.9000000000000001e-06
0.00061499999999999999,0,1.3200000000000001e-05
0.00061499999999999999,0,1.6500000000000001e-05
0.00061499999999999999,0,1.98e-05
0.00061499999999999999,0,2.3099999999999999e-05
0.00061499999999999999,0,2.6400000000000001e-05
0.00061499999999999999,0,2.97e-05
0.00061499999999999999,0,3.3000000000000003e-05
0.00067650000000000002,0,0
0.00067650000000000002,0,3.3000000000000002e-06
0.00067650000000000002,0,6.6000000000000003e-06
0.00067650000000000002,0,9.9000000000000001e-06
0.00067650000000000002,0,1.3200000000000001e-05
0.00067650000000000002,0,1.6500000000000001e-05
0.00067650000000000002,0,1.98e-05
0.00067650000000000002,0,2.3099999999999999e-05
0.00067650000000000002,0,2.6400000000000001e-05
0.00067650000000000002,0,2.97e-05
0.00067650000000000002,0,3.3000000000000003e-05
0.00073800000000000005,0,0
0.00073800000000000005,0,3.3000000000000002e-06
0.00073800000000000005,0,6.6000000000000003e-06
0.00073800000000000005,0,9.9000000000000001e-06
0.00073800000000000005,0,1.3200000000000001e-05
0.00073800000000000005,0,1.6500000000000001e-05
0.00073800000000000005,0,1.98e-05
0.00073800000000000005,0,2.3099999999999999e-05
0.00073800000000000005,0,2.6400000000000001e-05
0.00073800000000000005,0,2.97e-05
0.00073800000000000005,0,3.3000000000000003e-05
0.00079949999999999997,0,0
0.00079949999999999997,0,3.3000000000000002e-06
0.00079949999999999997,0,6.6000000000000003e-06
0.00079949999999999997,0,9.9000000000000001e-06
0.00079949999999999997,0,1.3200000000000001e-05
0.00079949999999999997,0,1.6500000000000001e-05
0.00079949999999999997,0,1.98e-05
0.00079949999999999997,0,2.3099999999999999e-05
0.00079949999999999997,0,2.6400000000000001e-05
0.00079949999999999997,0,2.97e-05
0.00079949999999999997,0,3.3000000000000003e-05
0.000861,0,0
0.000861,0,3.3000000000000002e-06
0.000861,0,6.6000000000000003e-06
0.000861,0,9.9000000000000001e-06
0.000861,0,1.3200000000000001e-05
0.000861,0,1.6500000000000001e-05
0.000861,0,1.98e-05
0.000861,0,2.3099999999999999e-05
0.000861,0,2.6400000000000001e-05
0.000861,0,2.97e-05
0.000861,0,3.3000000000000003e-05
0.00092250000000000003,0,0
0.00092250000000000003,0,3.3000000000000002e-06
0.00092250000000000003,0,6.6000000000000003e-06
0.00092250000000000003,0,9.9000000000000001e-06
0.00092250000000000003,0,1.3200000000000001e-05
0.00092250000000000003,0,1.6500000000000001e-05
0.00092250000000000003,0,1.98e-05
0.00092250000000000003,0,2.3099999999999999e-05
0.00092250000000000003,0,2.6400000000000001e-05
0.00092250000000000003,0,2.97e-05
0.00092250000000000003,0,3.3000000000000003e-05
0.00098400000000000007,0,0
0.00098400000000000007,0,3.3000000000000002e-06
0.00098400000000000007,0,6.6000000000000003e-06
0.00098400000000000007,0,9.9000000000000001e-06
0.00098400000000000007,0,1.3200000000000001e-05
0.00098400000000000007,0,1.6500000000000001e-05
0.00098400000000000007,0,1.98e-05
0.00098400000000000007,0,2.3099999999999999e-05
0.00098400000000000007,0,2.6400000000000001e-05
0.00098400000000000007,0,2.97e-05
0.00098400000000000007,0,3.3000000000000003e-05
0.0010455,0,0
0.0010455,0,3.3000000000000002e-06
0.0010455,0,6.6000000000000003e-06
0.0010455,0,9.9000000000000001e-06
0.0010455,0,1.3200000000000001e-05
0.0010455,0,1.6500000000000001e-05
0.0010455,0,1.98e-05
0.0010455,0,2.3099999999999999e-05
0.0010455,0,2.6400000000000001e-05
0.0010455,0,2.97e-05
0.0010455,0,3.3000000000000003e-05
0.0011069999999999999,0,0
0.0011069999999999999,0,3.3000000000000002e-06
0.0011069999999999999,0,6.6000000000000003e-06
0.0011069999999999999,0,9.9000000000000001e-06
0.0011069999999999999,0,1.3200000000000001e-05
0.0011069999999999999,0,1.6500000000000001e-05
0.0011069999999999999,0,1.98e-05
0.0011069999999999999,0,2.3099999999999999e-05
0.0011069999999999999,0,2.6400000000000001e-05
0.0011069999999999999,0,2.97e-05
0.0011069999999999999,0,3.3000000000000003e-05
0.0011685000000000001,0,0
0.0011685000000000001,0,3.3000000000000002e-06
0.0011685000000000001,0,6.6000000000000003e-06
0.0011685000000000001,0,9.9000000000000001e-06
0.0011685000000000001,0,1.3200000000000001e-05
0.0011685000000000001,0,1.6500000000000001e-05
0.0011685000000000001,0,1.98e-05
0.0011685000000000001,0,2.3099999999999999e-05
0.0011685000000000001,0,2.6400000000000001e-05
0.0011685000000000001,0,2.97e-05
0.0011685000000000001,0,3.3000000000000003e-05
0.00123,0,0
0.00123,0,3.3000000000000002e-06
0.00123,0,6.6000000000000003e-06
0.00123,0,9.9000000000000001e-06
0.00123,0,1.3200000000000001e-05
0.00123,0,1.6500000000000001e-05
0.00123,0,1.98e-05
0.00123,0,2.3099999999999999e-05
0.00123,0,2.6400000000000001e-05
0.00123,0,2.97e-05
0.00123,0,3.3000000000000003e-05
0.0012914999999999999,0,0
0.0012914999999999999,0,3.3000000000000002e-06
0.0012914999999999999,0,6.6000000000000003e-06
0.0012914999999999999,0,9.9000000000000001e-06
0.0012914999999999999,0,1.3200000000000001e-05
0.0012914999999999999,0,1.6500000000000001e-05
0.0012914999999999999,0,1.98e-05
0.0012914999999999999,0,2.3099999999999999e-05
0.0012914999999999999,0,2.6400000000000001e-05
0.0012914999999999999,0,2.97e-05
0.0012914999999999999,0,3.3000000000000003e-05
0.001353,0,0
0.001353,0,3.3000000000000002e-06
0.001353,0,6.6000000000000003e-06
0.001353,0,9.9000000000000001e-06
0.001353,0,1.3200000000000001e-05
0.001353,0,1.6500000000000001e-05
0.001353,0,1.98e-05
0.001353,0,2.3099999999999999e-05
0.001353,0,2.6400000000000001e-05
0.001353,0,2.97e-05
0.001353,0,3.3000000000000003e-05
0.0014145,0,0
0.0014145,0,3.3000000000000002e-06
0.0014145,0,6.6000000000000003e-06
0.0014145,0,9.9000000000000001e-06
0.0014145,0,1.3200000000000001e-05
0.0014145,0,1.6500000000000001e-05
0.0014145,0,1.98e-05
0.0014145,0,2.3099999999999999e-05
0.0014145,0,2.6400000000000001e-05
0.0014145,0,2.97e-05
0.0014145,0,3.3000000000000003e-05
0.0014760000000000001,0,0
0.0014760000000000001,0,3.3000000000000002e-06
0.0014760000000000001,0,6.6000000000000003e-06
0.0014760000000000001,0,9.9000000000000001e-06
0.0014760000000000001,0,1.3200000000000001e-05
0.0014760000000000001,0,1.6500000000000001e-05
0.0014760000000000001,0,1.98e-05
0.0014760000000000001,0,2.3099999999999999e-05
0.0014760000000000001,0,2.6400000000000001e-05
0.0014760000000000001,0,2.97e-05
0.0014760000000000001,0,3.3000000000000003e-05
0.0015375,0,0
0.0015375,0,3.3000000000000002e-06
0.0015375,0,6.6000000000000003e-06
0.0015375,0,9.9000000000000001e-06
0.0015375,0,1.3200000000000001e-05
0.0015375,0,1.6500000000000001e-05
0.0015375,0,1.98e-05
0.0015375,0,2.3099999999999999e-05
0.0015375,0,2.6400000000000001e-05
0.0015375,0,2.97e-05
0.0015375,0,3.3000000000000003e-05
0.0015989999999999999,0,0
0.0015989999999999999,0,3.3000000000000002e-06
0.0015989999999999999,0,6.6000000000000003e-06
0.0015989999999999999,0,9.9000000000000001e-06
0.0015989999999999999,0,1.3200000000000001e-05
0.0015989999999999999,0,1.6500000000000001e-05
0.0015989999999999999,0,1.98e-05
0.0015989999999999999,0,2.3099999999999999e-05
0.0015989999999999999,0,2.6400000000000001e-05
0.0015989999999999999,0,2.97e-05
0.0015989999999999999,0,3.3000000000000003e-05
0.0016605000000000001,0,0
0.0016605000000000001,0,3.3000000000000002e-06
0.0016605000000000001,0,6.6000000000000003e-06
0.0016605000000000001,0,9.9000000000000001e-06
0.0016605000000000001,0,1.3200000000000001e-05
0.0016605000000000001,0,1.6500000000000001e-05
0.0016605000000000001,0,1.98e-05
0.0016605000000000001,0,2.3099999999999999e-05
0.0016605000000000001,0,2.6400000000000001e-05
0.0016605000000000001,0,2.97e-05
0.0016605000000000001,0,3.3000000000000003e-05
0.001722,0,0
0.001722,0,3.3000000000000002e-06
0.001722,0,6.6000000000000003e-06
0.001722,0,9.9000000000000001e-06
0.001722,0,1.3200000000000001e-05
0.001722,0,1.6500000000000001e-05
0.001722,0,1.98e-05
0.001722,0,2.3099999999999999e-05
0.001722,0,2.6400000000000001e-05
0.001722,0,2.97e-05
0.001722,0,3.3000000000000003e-05
0.0017834999999999999,0,0
0.0017834999999999999,0,3.3000000000000002e-06
0.0017834999999999999,0,6.6000000000000003e-06
0.0017834999999999999,0,9.9000000000000001e-06
0.0017834999999999999,0,1.3200000000000001e-05
0.0017834999999999999,0,1.6500000000000001e-05
0.0017834999999999999,0,1.98e-05
0.0017834999999999999,0,2.3099999999999999e-05
0.0017834999999999999,0,2.6400000000000001e-05
0.0017834999999999999,0,2.97e-05
0.0017834999999999999,0,3.3000000000000003e-05
0.0018450000000000001,0,0
0.0018450000000000001,0,3.3000000000000002e-06
0.0018450000000000001,0,6.6000000000000003e-06
0.0018450000000000001,0,9.9000000000000001e-06
0.0018450000000000001,0,1.3200000000000001e-05
0.0018450000000000001,0,1.6500000000000001e-05
0.0018450000000000001,0,1.98e-05
0.0018450000000000001,0,2.3099999999999999e-05
0.0018450000000000001,0,2.6400000000000001e-05
0.0018450000000000001,0,2.97e-05
0.0018450000000000001,0,3.3000000000000003e-05
0.0019065,0,0
0.0019065,0,3.3000000000000002e-06
0.0019065,0,6.6000000000000003e-06
0.0019065,0,9.9000000000000001e-06
0.0019065,0,1.3200000000000001e-05
0.0019065,0,1.6500000000000001e-05
0.0019065,0,1.98e-05
0.0019065,0,2.3099999999999999e-05
0.0019065,0,2.6400000000000001e-05
0.0019065,0,2.97e-05
0.0019065,0,3.3000000000000003e-05
0.0019680000000000001,0,0
0.0019680000000000001,0,3.3000000000000002e-06
0.0019680000000000001,0,6.6000000000000003e-06
0.0019680000000000001,0,9.9000000000000001e-06
0.0019680000000000001,0,1.3200000000000001e-05
0.0019680000000000001,0,1.6500000000000001e-05
0.0019680000000000001,0,1.98e-05
0.0019680000000000001,0,2.3099999999999999e-05
0.0019680000000000001,0,2.6400000000000001e-05
0.0019680000000000001,0,2.97e-05
0.0019680000000000001,0,3.3000000000000003e-05
0.0020295000000000001,0,0
0.0020295000000000001,0,3.3000000000000002e-06
0.0020295000000000001,0,6.6000000000000003e-06
0.0020295000000000001,0,9.9000000000000001e-06
0.0020295000000000001,0,1.3200000000000001e-05
0.0020295000000000001,0,1.6500000000000001e-05
0.0020295000000000001,0,1.98e-05
0.0020295000000000001,0,2.3099999999999999e-05
0.0020295000000000001,0,2.6400000000000001e-05
0.0020295000000000001,0,2.97e-05
0.0020295000000000001,0,3.3000000000000003e-05
0.002091,0,0
0.002091,0,3.3000000000000002e-06
0.002091,0,6.6000000000000003e-06
0.002091,0,9.9000000000000001e-06
0.002091,0,1.3200000000000001e-05
0.002091,0,1.6500000000000001e-05
0.002091,0,1.98e-05
0.002091,0,2.3099999999999999e-05
0.002091,0,2.6400000000000001e-05
0.002091,0,2.97e-05
0.002091,0,3.3000000000000003e-05
0.0021524999999999999,0,0
0.0021524999999999999,0,3.3000000000000002e-06
0.0021524999999999999,0,6.6000000000000003e-06
0.0021524999999999999,0,9.9000000000000001e-06
0.0021524999999999999,0,1.3200000000000001e-05
0.0021524999999999999,0,1.6500000000000001e-05
0.0021524999999999999,0,1.98e-05
0.0021524999999999999,0,2.3099999999999999e-05
0.0021524999999999999,0,2.6400000000000001e-05
0.0021524999999999999,0,2.97e-05
0.0021524999999999999,0,3.3000000000000003e-05
0.0022139999999999998,0,0
0.0022139999999999998,0,3.3000000000000002e-06
0.0022139999999999998,0,6.6000000000000003e-06
0.0022139999999999998,0,9.9000000000000001e-06
0.0022139999999999998,0,1.3200000000000001e-05
0.0022139999999999998,0,1.6500000000000001e-05
0.0022139999999999998,0,1.98e-05
0.0022139999999999998,0,2.3099999999999999e-05
0.0022139999999999998,0,2.6400000000000001e-05
0.0022139999999999998,0,2.97e-05
0.0022139999999999998,0,3.3000000000000003e-05
0.0022755000000000002,0,0
0.0022755000000000002,0,3.3000000000000002e-06
0.0022755000000000002,0,6.6000000000000003e-06
0.0022755000000000002,0,9.9000000000000001e-06
0.0022755000000000002,0,1.3200000000000001e-05
0.0022755000000000002,0,1.6500000000000001e-05
0.0022755000000000002,0,1.98e-05
0.0022755000000000002,0,2.3099999999999999e-05
0.0022755000000000002,0,2.6400000000000001e-05
0.0022755000000000002,0,2.97e-05
0.0022755000000000002,0,3.3000000000000003e-05
0.0023370000000000001,0,0
0.0023370000000000001,0,3.3000000000000002e-06
0.0023370000000000001,0,6.6000000000000003e-06
0.0023370000000000001,0,9.9000000000000001e-06
0.0023370000000000001,0,1.3200000000000001e-05
0.0023370000000000001,0,1.6500000000000001e-05
0.0023370000000000001,0,1.98e-05
0.0023370000000000001,0,2.3099999999999999e-05
0.0023370000000000001,0,2.6400000000000001e-05
0.0023370000000000001,0,2.97e-05
0.0023370000000000001,0,3.3000000000000003e-05
0.0023985,0,0
0.0023985,0,3.3000000000000002e-06
0.0023985,0,6.6000000000000003e-06
0.0023985,0,9.9000000000000001e-06
0.0023985,0,1.3200000000000001e-05
0.0023985,0,1.6500000000000001e-05
0.0023985,0,1.98e-05
0.0023985,0,2.3099999999999999e-05
0.0023985,0,2.6400000000000001e-05
0.0023985,0,2.97e-05
0.0023985,0,3.3000000000000003e-05
0.0024599999999999999,0,0
0.0024599999999999999,0,3.3000000000000002e-06
0.0024599999999999999,0,6.6000000000000003e-06
0.0024599999999999999,0,9.9000000000000001e-06
0.0024599999999999999,0,1.3200000000000001e-05
0.0024599999999999999,0,1.6500000000000001e-05
0.0024599999999999999,0,1.98e-05
0.0024599999999999999,0,2.3099999999999999e-05
0.0024599999999999999,0,2.6400000000000001e-05
0.0024599999999999999,0,2.97e-05
0.0024599999999999999,0,3.3000000000000003e-05
0.0025214999999999999,0,0
0.0025214999999999999,0,3.3000000000000002e-06
0.0025214999999999999,0,6.6000000000000003e-06
0.0025214999999999999,0,9.9000000000000001e-06
0.0025214999999999999,0,1.3200000000000001e-05
0.0025214999999999999,0,1.6500000000000001e-05
0.0025214999999999999,0,1.98e-05
0.0025214999999999999,0,2.3099999999999999e-05
0.0025214999999999999,0,2.6400000000000001e-05
0.0025214999999999999,0,2.97e-05
0.0025214999999999999,0,3.3000000000000003e-05
0.0025829999999999998,0,0
0.0025829999999999998,0,3.3000000000000002e-06
0.0025829999999999998,0,6.6000000000000003e-06
0.0025829999999999998,0,9.9000000000000001e-06
0.0025829999999999998,0,1.3200000000000001e-05
0.0025829999999999998,0,1.6500000000000001e-05
0.0025829999999999998,0,1.98e-05
0.0025829999999999998,0,2.3099999999999999e-05
0.0025829999999999998,0,2.6400000000000001e-05
0.0025829999999999998,0,2.97e-05
0.0025829999999999998,0,3.3000000000000003e-05
0.0026445000000000001,0,0
0.0026445000000000001,0,3.3000000000000002e-06
0.0026445000000000001,0,6.6000000000000003e-06
0.0026445000000000001,0,9.9000000000000001e-06
0.0026445000000000001,0,1.3200000000000001e-05
0.0026445000000000001,0,1.6500000000000001e-05
0.0026445000000000001,0,1.98e-05
0.0026445000000000001,0,2.3099999999999999e-05
0.0026445000000000001,0,2.6400000000000001e-05
0.0026445000000000001,0,2.97e-05
0.0026445000000000001,0,3.3000000000000003e-05
0.0027060000000000001,0,0
0.0027060000000000001,0,3.3000000000000002e-06
0.0027060000000000001,0,6.6000000000000003e-06
0.0027060000000000001,0,9.9000000000000001e-06
0.0027060000000000001,0,1.3200000000000001e-05
0.0027060000000000001,0,1.6500000000000001e-05
0.0027060000000000001,0,1.98e-05
0.0027060000000000001,0,2.3099999999999999e-05
0.0027060000000000001,0,2.6400000000000001e-05
0.0027060000000000001,0,2.97e-05
0.0027060000000000001,0,3.3000000000000003e-05
0.0027675,0,0
0.0027675,0,3.3000000000000002e-06
0.0027675,0,6.6000000000000003e-06
0.0027675,0,9.9000000000000001e-06
0.0027675,0,1.3200000000000001e-05
0.0027675,0,1.6500000000000001e-05
0.0027675,0,1.98e-05
0.0027675,0,2.3099999999999999e-05
0.0027675,0,2.6400000000000001e-05
0.0027675,0,2.97e-05
0.0027675,0,3.3000000000000003e-05
0.0028289999999999999,0,0
0.0028289999999999999,0,3.3000000000000002e-06
0.0028289999999999999,0,6.6000000000000003e-06
0.0028289999999999999,0,9.9000000000000001e-06
0.0028289999999999999,0,1.3200000000000001e-05
0.0028289999999999999,0,1.6500000000000001e-05
0.0028289999999999999,0,1.98e-05
0.0028289999999999999,0,2.3099999999999999e-05
0.0028289999999999999,0,2.6400000000000001e-05
0.0028289999999999999,0,2.97e-05
0.0028289999999999999,0,3.3000000000000003e-05
0.0028904999999999998,0,0
0.0028904999999999998,0,3.3000000000000002e-06
0.0028904999999999998,0,6.6000000000000003e-06
0.0028904999999999998,0,9.9000000000000001e-06
0.0028904999999999998,0,1.3200000000000001e-05
0.0028904999999999998,0,1.6500000000000001e-05
0.0028904999999999998,0,1.98e-05
0.0028904999999999998,0,2.3099999999999999e-05
0.0028904999999999998,0,2.6400000000000001e-05
0.0028904999999999998,0,2.97e-05
0.0028904999999999998,0,3.3000000000000003e-05
0.0029520000000000002,0,0
0.0029520000000000002,0,3.3000000000000002e-06
0.0029520000000000002,0,6.6000000000000003e-06
0.0029520000000000002,0,9.9000000000000001e-06
0.0029520000000000002,0,1.3200000000000001e-05
0.0029520000000000002,0,1.6500000000000001e-05
0.0029520000000000002,0,1.98e-05
0.0029520000000000002,0,2.3099999999999999e-05
0.0029520000000000002,0,2.6400000000000001e-05
0.0029520000000000002,0,2.97e-05
0.0029520000000000002,0,3.3000000000000003e-05
0.0030135000000000001,0,0
0.0030135000000000001,0,3.3000000000000002e-06
0.0030135000000000001,0,6.6000000000000003e-06
0.0030135000000000001,0,9.9000000000000001e-06
0.0030135000000000001,0,1.3200000000000001e-05
0.0030135000000000001,0,1.6500000000000001e-05
0.0030135000000000001,0,1.98e-05
0.0030135000000000001,0,2.3099999999999999e-05
0.0030135000000000001,0,2.6400000000000001e-05
0.0030135000000000001,0,2.97e-05
0.0030135000000000001,0,3.3000000000000003e-05
0.003075,0,0
0.003075,0,3.3000000000000002e-06
0.003075,0,6.6000000000000003e-06
0.003075,0,9.9000000000000001e-06
0.003075,0,1.3200000000000001e-05
0.003075,0,1.6500000000000001e-05
0.003075,0,1.98e-05
0.003075,0,2.3099999999999999e-05
0.003075,0,2.6400000000000001e-05
0.003075,0,2.97e-05
0.003075,0,3.3000000000000003e-05
0.0031365,0,0
0.0031365,0,3.3000000000000002e-06
0.0031365,0,6.6000000000000003e-06
0.0031365,0,9.9000000000000001e-06
0.0031365,0,1.3200000000000001e-05
0.0031365,0,1.6500000000000001e-05
0.0031365,0,1.98e-05
0.0031365,0,2.3099999999999999e-05
0.0031365,0,2.6400000000000001e-05
0.0031365,0,2.97e-05
0.0031365,0,3.3000000000000003e-05
0.0031979999999999999,0,0
0.0031979999999999999,0,3.3000000000000002e-06
0.0031979999999999999,0,6.6000000000000003e-06
0.0031979999999999999,0,9.9000000000000001e-06
0.0031979999999999999,0,1.3200000000000001e-05
0.0031979999999999999,0,1.6500000000000001e-05
0.0031979999999999999,0,1.98e-05
0.0031979999999999999,0,2.3099999999999999e-05
0.0031979999999999999,0,2.6400000000000001e-05
0.0031979999999999999,0,2.97e-05
0.0031979999999999999,0,3.3000000000000003e-05
0.0032594999999999998,0,0
0.0032594999999999998,0,3.3000000000000002e-06
0.0032594999999999998,0,6.6000000000000003e-06
0.0032594999999999998,0,9.9000000000000001e-06
0.0032594999999999998,0,1.3200000000000001e-05
0.0032594999999999998,0,1.6500000000000001e-05
0.0032594999999999998,0,1.98e-05
0.0032594999999999998,0,2.3099999999999999e-05
0.0032594999999999998,0,2.6400000000000001e-05
0.0032594999999999998,0,2.97e-05
0.0032594999999999998,0,3.3000000000000003e-05
0.0033210000000000002,0,0
0.0033210000000000002,0,3.3000000000000002e-06
0.0033210000000000002,0,6.6000000000000003e-06
0.0033210000000000002,0,9.9000000000000001e-06
0.0033210000000000002,0,1.3200000000000001e-05
0.0033210000000000002,0,1.6500000000000001e-05
0.0033210000000000002,0,1.98e-05
0.0033210000000000002,0,2.3099999999999999e-05
0.0033210000000000002,0,2.6400000000000001e-05
0.0033210000000000002,0,2.97e-05
0.0033210000000000002,0,3.3000000000000003e-05
0.0033825000000000001,0,0
0.0033825000000000001,0,3.3000000000000002e-06
0.0033825000000000001,0,6.6000000000000003e-06
0.0033825000000000001,0,9.9000000000000001e-06
0.0033825000000000001,0,1.3200000000000001e-05
0.0033825000000000001,0,1.6500000000000001e-05
0.0033825000000000001,0,1.98e-05
0.0033825000000000001,0,2.3099999999999999e-05
0.0033825000000000001,0,2.6400000000000001e-05
0.0033825000000000001,0,2.97e-05
0.0033825000000000001,0,3.3000000000000003e-05
0.003444,0,0
0.003444,0,3.3000000000000002e-06
0.003444,0,6.6000000000000003e-06
0.003444,0,9.9000000000000001e-06
0.003444,0,1.3200000000000001e-05
0.003444,0,1.6500000000000001e-05
0.003444,0,1.98e-05
0.003444,0,2.3099999999999999e-05
0.003444,0,2.6400000000000001e-05
0.003444,0,2.97e-05
0.003444,0,3.3000000000000003e-05
0.0035054999999999999,0,0
0.0035054999999999999,0,3.3000000000000002e-06
0.0035054999999999999,0,6.6000000000000003e-06
0.0035054999999999999,0,9.9000000000000001e-06
0.0035054999999999999,0,1.3200000000000001e-05
0.0035054999999999999,0,1.6500000000000001e-05
0.0035054999999999999,0,1.98e-05
0.0035054999999999999,0,2.3099999999999999e-05
0.0035054999999999999,0,2.6400000000000001e-05
0.0035054999999999999,0,2.97e-05
0.0035054999999999999,0,3.3000000000000003e-05
0.0035669999999999999,0,0
0.0035669999999999999,0,3.3000000000000002e-06
0.0035669999999999999,0,6.6000000000000003e-06
0.0035669999999999999,0,9.9000000000000001e-06
0.0035669999999999999,0,1.3200000000000001e-05
0.0035669999999999999,0,1.6500000000000001e-05
0.0035669999999999999,0,1.98e-05
0.0035669999999999999,0,2.3099999999999999e-05
0.0035669999999999999,0,2.6400000000000001e-05
0.0035669999999999999,0,2.97e-05
0.0035669999999999999,0,3.3000000000000003e-05
0.0036285000000000002,0,0
0.0036285000000000002,0,3.3000000000000002e-06
0.0036285000000000002,0,6.6000000000000003e-06
0.0036285000000000002,0,9.9000000000000001e-06
0.0036285000000000002,0,1.3200000000000001e-05
0.0036285000000000002,0,1.6500000000000001e-05
0.0036285000000000002,0,1.98e-05
0.0036285000000000002,0,2.3099999999999999e-05
0.0036285000000000002,0,2.6400000000000001e-05
0.0036285000000000002,0,2.97e-05
0.0036285000000000002,0,3.3000000000000003e-05
0.0036900000000000001,0,0
0.0036900000000000001,0,3.3000000000000002e-06
0.0036900000000000001,0,6.6000000000000003e-06
0.0036900000000000001,0,9.9000000000000001e-06
0.0036900000000000001,0,1.3200000000000001e-05
0.0036900000000000001,0,1.6500000000000001e-05
0.0036900000000000001,0,1.98e-05
0.0036900000000000001,0,2.3099999999999999e-05
0.0036900000000000001,0,2.6400000000000001e-05
0.0036900000000000001,0,2.97e-05
0.0036900000000000001,0,3.3000000000000003e-05
0.0037515000000000001,0,0
0.0037515000000000001,0,3.3000000000000002e-06
0.0037515000000000001,0,6.6000000000000003e-06
0.0037515000000000001,0,9.9000000000000001e-06
0.0037515000000000001,0,1.3200000000000001e-05
0.0037515000000000001,0,1.6500000000000001e-05
0.0037515000000000001,0,1.98e-05
0.0037515000000000001,0,2.3099999999999999e-05
0.0037515000000000001,0,2.6400000000000001e-05
0.0037515000000000001,0,2.97e-05
0.0037515000000000001,0,3.3000000000000003e-05
0.003813,0,0
0.003813,0,3.3000000000000002e-06
0.003813,0,6.6000000000000003e-06
0.003813,0,9.9000000000000001e-06
0.003813,0,1.3200000000000001e-05
0.003813,0,1.6500000000000001e-05
0.003813,0,1.98e-05
0.003813,0,2.3099999999999999e-05
0.003813,0,2.6400000000000001e-05
0.003813,0,2.97e-05
0.003813,0,3.3000000000000003e-05
0.0038744999999999999,0,0
0.0038744999999999999,0,3.3000000000000002e-06
0.0038744999999999999,0,6.6000000000000003e-06
0.0038744999999999999,0,9.9000000000000001e-06
0.0038744999999999999,0,1.3200000000000001e-05
0.0038744999999999999,0,1.6500000000000001e-05
0.0038744999999999999,0,1.98e-05
0.0038744999999999999,0,2.3099999999999999e-05
0.0038744999999999999,0,2.6400000000000001e-05
0.0038744999999999999,0,2.97e-05
0.0038744999999999999,0,3.3000000000000003e-05
0.0039360000000000003,0,0
0.0039360000000000003,0,3.3000000000000002e-06
0.0039360000000000003,0,6.6000000000000003e-06
0.0039360000000000003,0,9.9000000000000001e-06
0.0039360000000000003,0,1.3200000000000001e-05
0.0039360000000000003,0,1.6500000000000001e-05
0.0039360000000000003,0,1.98e-05
0.0039360000000000003,0,2.3099999999999999e-05
0.0039360000000000003,0,2.6400000000000001e-05
0.0039360000000000003,0,2.97e-05
0.0039360000000000003,0,3.3000000000000003e-05
0.0039975000000000002,0,0
0.0039975000000000002,0,3.3000000000000002e-06
0.0039975000000000002,0,6.6000000000000003e-06
0.0039975000000000002,0,9.9000000000000001e-06
0.0039975000000000002,0,1.3200000000000001e-05
0.0039975000000000002,0,1.6500000000000001e-05
0.0039975000000000002,0,1.98e-05
0.0039975000000000002,0,2.3099999999999999e-05
0.0039975000000000002,0,2.6400000000000001e-05
0.0039975000000000002,0,2.97e-05
0.0039975000000000002,0,3.3000000000000003e-05
0.0040590000000000001,0,0
0.0040590000000000001,0,3.3000000000000002e-06
0.0040590000000000001,0,6.6000000000000003e-06
0.0040590000000000001,0,9.9000000000000001e-06
0.0040590000000000001,0,1.3200000000000001e-05
0.0040590000000000001,0,1.6500000000000001e-05
0.0040590000000000001,0,1.98e-05
0.0040590000000000001,0,2.3099999999999999e-05
0.0040590000000000001,0,2.6400000000000001e-05
0.0040590000000000001,0,2.97e-05
0.0040590000000000001,0,3.3000000000000003e-05
0.0041205,0,0
0.0041205,0,3.3000000000000002e-06
0.0041205,0,6.6000000000000003e-06
0.0041205,0,9.9000000000000001e-06
0.0041205,0,1.3200000000000001e-05
0.0041205,0,1.6500000000000001e-05
0.0041205,0,1.98e-05
0.0041205,0,2.3099999999999999e-05
0.0041205,0,2.6400000000000001e-05
0.0041205,0,2.97e-05
0.0041205,0,3.3000000000000003e-05
0.004182,0,0
0.004182,0,3.3000000000000002e-06
0.004182,0,6.6000000000000003e-06
0.004182,0,9.9000000000000001e-06
0.004182,0,1.3200000000000001e-05
0.004182,0,1.6500000000000001e-05
0.004182,0,1.98e-05
0.004182,0,2.3099999999999999e-05
0.004182,0,2.6400000000000001e-05
0.004182,0,2.97e-05
0.004182,0,3.3000000000000003e-05
0.0042434999999999999,0,0
0.0042434999999999999,0,3.3000000000000002e-06
0.0042434999999999999,0,6.6000000000000003e-06
0.0042434999999999999,0,9.9000000000000001e-06
0.0042434999999999999,0,1.3200000000000001e-05
0.0042434999999999999,0,1.6500000000000001e-05
0.0042434999999999999,0,1.98e-05
0.0042434999999999999,0,2.3099999999999999e-05
0.0042434999999999999,0,2.6400000000000001e-05
0.0042434999999999999,0,2.97e-05
0.0042434999999999999,0,3.3000000000000003e-05
0.0043049999999999998,0,0
0.0043049999999999998,0,3.3000000000000002e-06
0.0043049999999999998,0,6.6000000000000003e-06
0.0043049999999999998,0,9.9000000000000001e-06
0.0043049999999999998,0,1.3200000000000001e-05
0.0043049999999999998,0,1.6500000000000001e-05
0.0043049999999999998,0,1.98e-05
0.0043049999999999998,0,2.3099999999999999e-05
0.0043049999999999998,0,2.6400000000000001e-05
0.0043049999999999998,0,2.97e-05
0.0043049999999999998,0,3.3000000000000003e-05
0.0043664999999999997,0,0
0.0043664999999999997,0,3.3000000000000002e-06
0.0043664999999999997,0,6.6000000000000003e-06
0.0043664999999999997,0,9.9000000000000001e-06
0.0043664999999999997,0,1.3200000000000001e-05
0.0043664999999999997,0,1.6500000000000001e-05
0.0043664999999999997,0,1.98e-05
0.0043664999999999997,0,2.3099999999999999e-05
0.0043664999999999997,0,2.6400000000000001e-05
0.0043664999999999997,0,2.97e-05
0.0043664999999999997,0,3.3000000000000003e-05
0.0044279999999999996,0,0
0.0044279999999999996,0,3.3000000000000002e-06
0.0044279999999999996,0,6.6000000000000003e-06
0.0044279999999999996,0,9.9000000000000001e-06
0.0044279999999999996,0,1.3200000000000001e-05
0.0044279999999999996,0,1.6500000000000001e-05
0.0044279999999999996,0,1.98e-05
0.0044279999999999996,0,2.3099999999999999e-05
0.0044279999999999996,0,2.6400000000000001e-05
0.0044279999999999996,0,2.97e-05
0.0044279999999999996,0,3.3000000000000003e-05
0.0044894999999999996,0,0
0.0044894999999999996,0,3.3000000000000002e-06
0.0044894999999999996,0,6.6000000000000003e-06
0.0044894999999999996,0,9.9000000000000001e-06
0.0044894999999999996,0,1.3200000000000001e-05
0.0044894999999999996,0,1.6500000000000001e-05
0.0044894999999999996,0,1.98e-05
0.0044894999999999996,0,2.3099999999999999e-05
0.0044894999999999996,0,2.6400000000000001e-05
0.0044894999999999996,0,2.97e-05
0.0044894999999999996,0,3.3000000000000003e-05
0.0045510000000000004,0,0
0.0045510000000000004,0,3.3000000000000002e-06
0.0045510000000000004,0,6.6000000000000003e-06
0.0045510000000000004,0,9.9000000000000001e-06
0.0045510000000000004,0,1.3200000000000001e-05
0.0045510000000000004,0,1.6500000000000001e-05
0.0045510000000000004,0,1.98e-05
0.0045510000000000004,0,2.3099999999999999e-05
0.0045510000000000004,0,2.6400000000000001e-05
0.0045510000000000004,0,2.97e-05
0.0045510000000000004,0,3.3000000000000003e-05
0.0046125000000000003,0,0
0.0046125000000000003,0,3.3000000000000002e-06
0.0046125000000000003,0,6.6000000000000003e-06
0.0046125000000000003,0,9.9000000000000001e-06
0.0046125000000000003,0,1.3200000000000001e-05
0.0046125000000000003,0,1.6500000000000001e-05
0.0046125000000000003,0,1.98e-05
0.0046125000000000003,0,2.3099999999999999e-05
0.0046125000000000003,0,2.6400000000000001e-05
0.0046125000000000003,0,2.97e-05
0.0046125000000000003,0,3.3000000000000003e-05
0.0046740000000000002,0,0
0.0046740000000000002,0,3.3000000000000002e-06
0.0046740000000000002,0,6.6000000000000003e-06
0.0046740000000000002,0,9.9000000000000001e-06
0.0046740000000000002,0,1.3200000000000001e-05
0.0046740000000000002,0,1.6500000000000001e-05
0.0046740000000000002,0,1.98e-05
0.0046740000000000002,0,2.3099999999999999e-05
0.0046740000000000002,0,2.6400000000000001e-05
0.0046740000000000002,0,2.97e-05
0.0046740000000000002,0,3.3000000000000003e-05
0.0047355000000000001,0,0
0.0047355000000000001,0,3.3000000000000002e-06
0.0047355000000000001,0,6.6000000000000003e-06
0.0047355000000000001,0,9.9000000000000001e-06
0.0047355000000000001,0,1.3200000000000001e-05
0.0047355000000000001,0,1.6500000000000001e-05
0.0047355000000000001,0,1.98e-05
0.0047355000000000001,0,2.3099999999999999e-05
0.0047355000000000001,0,2.6400000000000001e-05
0.0047355000000000001,0,2.97e-05
0.0047355000000000001,0,3.3000000000000003e-05
0.004797,0,0
0.004797,0,3.3000000000000002e-06
0.004797,0,6.6000000000000003e-06
0.004797,0,9.9000000000000001e-06
0.004797,0,1.3200000000000001e-05
0.004797,0,1.6500000000000001e-05
0.004797,0,1.98e-05
0.004797,0,2.3099999999999999e-05
0.004797,0,2.6400000000000001e-05
0.004797,0,2.97e-05
0.004797,0,3.3000000000000003e-05
0.0048585,0,0
0.0048585,0,3.3000000000000002e-06
0.0048585,0,6.6000000000000003e-06
0.0048585,0,9.9000000000000001e-06
0.0048585,0,1.3200000000000001e-05
0.0048585,0,1.6500000000000001e-05
0.0048585,0,1.98e-05
0.0048585,0,2.3099999999999999e-05
0.0048585,0,2.6400000000000001e-05
0.0048585,0,2.97e-05
0.0048585,0,3.3000000000000003e-05
0.0049199999999999999,0,0
0.0049199999999999999,0,3.3000000000000002e-06
0.0049199999999999999,0,6.6000000000000003e-06
0.0049199999999999999,0,9.9000000000000001e-06
0.0049199999999999999,0,1.3200000000000001e-05
0.0049199999999999999,0,1.6500000000000001e-05
0.0049199999999999999,0,1.98e-05
0.0049199999999999999,0,2.3099999999999999e-05
0.0049199999999999999,0,2.6400000000000001e-05
0.0049199999999999999,0,2.97e-05
0.0049199999999999999,0,3.3000000000000003e-05
0,0.00049200000000000003,0
0,0.00049200000000000003,3.3000000000000002e-06
6.1500000000000004e-05,0.00049200000000000003,3.3000000000000002e-06
6.1500000000000004e-05,0.00049200000000000003,0
0,0.00049200000000000003,6.6000000000000003e-06
6.1500000000000004e-05,0.00049200000000000003,6.6000000000000003e-06
0,0.00049200000000000003,9.9000000000000001e-06
6.1500000000000004e-05,0.00049200000000000003,9.9000000000000001e-06
0,0.00049200000000000003,1.3200000000000001e-05
6.1500000000000004e-05,0.00049200000000000003,1.3200000000000001e-05
0,0.00049200000000000003,1.6500000000000001e-05
6.1500000000000004e-05,0.00049200000000000003,1.6500000000000001e-05
0,0.00049200000000000003,1.98e-05
6.1500000000000004e-05,0.00049200000000000003,1.98e-05
0,0.00049200000000000003,2.3099999999999999e-05
6.1500000000000004e-05,0.00049200000000000003,2.3099999999999999e-05
0,0.00049200000000000003,2.6400000000000001e-05
6.1500000000000004e-05,0.00049200000000000003,2.6400000000000001e-05
0,0.00049200000000000003,2.97e-05
6.1500000000000004e-05,0.00049200000000000003,2.97e-05
0,0.00049200000000000003,3.3000000000000003e-05
6.1500000000000004e-05,0.00049200000000000003,3.3000000000000003e-05
0.00012300000000000001,0.00049200000000000003,3.3000000000000002e-06
0.00012300000000000001,0.00049200000000000003,0
0.00012300000000000001,0.00049200000000000003,6.6000000000000003e-06
0.00012300000000000001,0.00049200000000000003,9.9000000000000001e-06
0.00012300000000000001,0.00049200000000000003,1.3200000000000001e-05
0.00012300000000000001,0.00049200000000000003,1.6500000000000001e-05
0.00012300000000000001,0.00049200000000000003,1.98e-05
0.00012300000000000001,0.00049200000000000003,2.3099999999999999e-05
0.00012300000000000001,0.00049200000000000003,2.6400000000000001e-05
0.00012300000000000001,0.00049200000000000003,2.97e-05
0.00012300000000000001,0.00049200000000000003,3.3000000000000003e-05
0.00018450000000000001,0.00049200000000000003,3.3000000000000002e-06
0.00018450000000000001,0.00049200000000000003,0
0.00018450000000000001,0.00049200000000000003,6.6000000000000003e-06
0.00018450000000000001,0.00049200000000000003,9.9000000000000001e-06
0.00018450000000000001,0.00049200000000000003,1.3200000000000001e-05
0.00018450000000000001,0.00049200000000000003,1.6500000000000001e-05
0.00018450000000000001,0.00049200000000000003,1.98e-05
0.00018450000000000001,0.00049200000000000003,2.3099999999999999e-05
0.00018450000000000001,0.00049200000000000003,2.6400000000000001e-05
0.00018450000000000001,0.00049200000000000003,2.97e-05
0.00018450000000000001,0.00049200000000000003,3.3000000000000003e-05
0.00024600000000000002,0.00049200000000000003,3.3000000000000002e-06
0.00024600000000000002,0.00049200000000000003,0
0.00024600000000000002,0.00049200000000000003,6.6000000000000003e-06
0.00024600000000000002,0.00049200000000000003,9.9000000000000001e-06
0.00024600000000000002,0.00049200000000000003,1.3200000000000001e-05
0.00024600000000000002,0.00049200000000000003,1.6500000000000001e-05
0.00024600000000000002,0.00049200000000000003,1.98e-05
0.00024600000000000002,0.00049200000000000003,2.3099999999999999e-05
0.00024600000000000002,0.00049200000000000003,2.6400000000000001e-05
0.00024600000000000002,0.00049200000000000003,2.97e-05
0.00024600000000000002,0.00049200000000000003,3.3000000000000003e-05
0.00030749999999999999,0.00049200000000000003,3.3000000000000002e-06
0.00030749999999999999,0.00049200000000000003,0
0.00030749999999999999,0.00049200000000000003,6.6000000000000003e-06
0.00030749999999999999,0.00049200000000000003,9.9000000000000001e-06
0.00030749999999999999,0.00049200000000000003,1.3200000000000001e-05
0.00030749999999999999,0.00049200000000000003,1.6500000000000001e-05
0.00030749999999999999,0.00049200000000000003,1.98e-05
0.00030749999999999999,0.00049200000000000003,2.3099999999999999e-05
0.00030749999999999999,0.00049200000000000003,2.6400000000000001e-05
0.00030749999999999999,0.00049200000000000003,2.97e-05
0.00030749999999999999,0.00049200000000000003,3.3000000000000003e-05
0.00036900000000000002,0.00049200000000000003,3.3000000000000002e-06
0.00036900000000000002,0.00049200000000000003,0
0.00036900000000000002,0.00049200000000000003,6.6000000000000003e-06
0.00036900000000000002,0.00049200000000000003,9.9000000000000001e-06
0.00036900000000000002,0.00049200000000000003,1.3200000000000001e-05
0.00036900000000000002,0.00049200000000000003,1.6500000000000001e-05
0.00036900000000000002,0.00049200000000000003,1.98e-05
0.00036900000000000002,0.00049200000000000003,2.3099999999999999e-05
0.00036900000000000002,0.00049200000000000003,2.6400000000000001e-05
0.00036900000000000002,0.00049200000000000003,2.97e-05
0.00036900000000000002,0.00049200000000000003,3.3000000000000003e-05
0.0004305,0.00049200000000000003,3.3000000000000002e-06
0.0004305,0.00049200000000000003,0
0.0004305,0.00049200000000000003,6.6000000000000003e-06
0.0004305,0.00049200000000000003,9.9000000000000001e-06
0.0004305,0.00049200000000000003,1.3200000000000001e-05
0.0004305,0.00049200000000000003,1.6500000000000001e-05
0.0004305,0.00049200000000000003,1.98e-05
0.0004305,0.00049200000000000003,2.3099999999999999e-05
0.0004305,0.00049200000000000003,2.6400000000000001e-05
0.0004305,0.00049200000000000003,2.97e-05
0.0004305,0.00049200000000000003,3.3000000000000003e-05
0.00049200000000000003,0.00049200000000000003,3.3000000000000002e-06
0.00049200000000000003,0.00049200000000000003,0
0.00049200000000000003,0.00049200000000000003,6.6000000000000003e-06
0.00049200000000000003,0.00049200000000000003,9.9000000000000001e-06
0.00049200000000000003,0.00049200000000000003,1.3200000000000001e-05
0.00049200000000000003,0.00049200000000000003,1.6500000000000001e-05
0.00049200000000000003,0.00049200000000000003,1.98e-05
0.00049200000000000003,0.00049200000000000003,2.3099999999999999e-05
0.00049200000000000003,0.00049200000000000003,2.6400000000000001e-05
0.00049200000000000003,0.00049200000000000003,2.97e-05
0.00049200000000000003,0.00049200000000000003,3.3000000000000003e-05
0.00055349999999999996,0.00049200000000000003,3.3000000000000002e-06
0.00055349999999999996,0.00049200000000000003,0
0.00055349999999999996,0.00049200000000000003,6.6000000000000003e-06
0.00055349999999999996,0.00049200000000000003,9.9000000000000001e-06
0.00055349999999999996,0.00049200000000000003,1.3200000000000001e-05
0.00055349999999999996,0.00049200000000000003,1.6500000000000001e-05
0.00055349999999999996,0.00049200000000000003,1.98e-05
0.00055349999999999996,0.00049200000000000003,2.3099999999999999e-05
0.00055349999999999996,0.00049200000000000003,2.6400000000000001e-05
0.00055349999999999996,0.00049200000000000003,2.97e-05
0.00055349999999999996,0.00049200000000000003,3.3000000000000003e-05
0.00061499999999999999,0.00049200000000000003,3.3000000000000002e-06
0.00061499999999999999,0.00049200000000000003,0
0.00061499999999999999,0.00049200000000000003,6.6000000000000003e-06
0.00061499999999999999,0.00049200000000000003,9.9000000000000001e-06
0.00061499999999999999,0.00049200000000000003,1.3200000000000001e-05
0.00061499999999999999,0.00049200000000000003,1.6500000000000001e-05
0.00061499999999999999,0.00049200000000000003,1.98e-05
0.00061499999999999999,0.00049200000000000003,2.3099999999999999e-05
0.00061499999999999999,0.00049200000000000003,2.6400000000000001e-05
0.00061499999999999999,0.00049200000000000003,2.97e-05
0.00061499999999999999,0.00049200000000000003,3.3000000000000003e-05
0.00067650000000000002,0.00049200000000000003,3.3000000000000002e-06
0.00067650000000000002,0.00049200000000000003,0
0.00067650000000000002,0.00049200000000000003,6.6000000000000003e-06
0.00067650000000000002,0.00049200000000000003,9.9000000000000001e-06
0.00067650000000000002,0.00049200000000000003,1.3200000000000001e-05
0.00067650000000000002,0.00049200000000000003,1.6500000000000001e-05
0.00067650000000000002,0.00049200000000000003,1.98e-05
0.00067650000000000002,0.00049200000000000003,2.3099999999999999e-05
0.00067650000000000002,0.00049200000000000003,2.6400000000000001e-05
0.00067650000000000002,0.00049200000000000003,2.97e-05
0.00067650000000000002,0.00049200000000000003,3.3000000000000003e-05
0.00073800000000000005,0.00049200000000000003,3.3000000000000002e-06
0.00073800000000000005,0.00049200000000000003,0
0.00073800000000000005,0.00049200000000000003,6.6000000000000003e-06
0.00073800000000000005,0.00049200000000000003,9.9000000000000001e-06
0.00073800000000000005,0.00049200000000000003,1.3200000000000001e-05
0.00073800000000000005,0.00049200000000000003,1.6500000000000001e-05
0.00073800000000000005,0.00049200000000000003,1.98e-05
0.00073800000000000005,0.00049200000000000003,2.3099999999999999e-05
0.00073800000000000005,0.00049200000000000003,2.6400000000000001e-05
0.00073800000000000005,0.00049200000000000003,2.97e-05
0.00073800000000000005,0.00049200000000000003,3.3000000000000003e-05
0.00079949999999999997,0.00049200000000000003,3.3000000000000002e-06
0.00079949999999999997,0.00049200000000000003,0
0.00079949999999999997,0.00049200000000000003,6.6000000000000003e-06
0.00079949999999999997,0.00049200000000000003,9.9000000000000001e-06
0.00079949999999999997,0.00049200000000000003,1.3200000000000001e-05
0.00079949999999999997,0.00049200000000000003,1.6500000000000001e-05
0.00079949999999999997,0.00049200000000000003,1.98e-05
0.00079949999999999997,0.00049200000000000003,2.3099999999999999e-05
0.00079949999999999997,0.00049200000000000003,2.6400000000000001e-05
0.00079949999999999997,0.00049200000000000003,2.97e-05
0.00079949999999999997,0.00049200000000000003,3.3000000000000003e-05
0.000861,0.00049200000000000003,3.3000000000000002e-06
0.000861,0.00049200000000000003,0
0.000861,0.00049200000000000003,6.6000000000000003e-06
0.000861,0.00049200000000000003,9.9000000000000001e-06
0.000861,0.00049200000000000003,1.3200000000000001e-05
0.000861,0.00049200000000000003,1.6500000000000001e-05
0.000861,0.00049200000000000003,1.98e-05
0.000861,0.00049200000000000003,2.3099999999999999e-05
0.000861,0.00049200000000000003,2.6400000000000001e-05
0.000861,0.00049200000000000003,2.97e-05
0.000861,0.00049200000000000003,3.3000000000000003e-05
0.00092250000000000003,0.00049200000000000003,3.3000000000000002e-06
0.00092250000000000003,0.00049200000000000003,0
0.00092250000000000003,0.00049200000000000003,6.6000000000000003e-06
0.00092250000000000003,0.00049200000000000003,9.9000000000000001e-06
0.00092250000000000003,0.00049200000000000003,1.3200000000000001e-05
0.00092250000000000003,0.00049200000000000003,1.6500000000000001e-05
0.00092250000000000003,0.00049200000000000003,1.98e-05
0.00092250000000000003,0.00049200000000000003,2.3099999999999999e-05
0.00092250000000000003,0.00049200000000000003,2.6400000000000001e-05
0.00092250000000000003,0.00049200000000000003,2.97e-05
0.00092250000000000003,0.00049200000000000003,3.3000000000000003e-05
0.00098400000000000007,0.00049200000000000003,3.3000000000000002e-06
0.00098400000000000007,0.00049200000000000003,0
0.00098400000000000007,0.00049200000000000003,6.6000000000000003e-06
0.00098400000000000007,0.00049200000000000003,9.9000000000000001e-06
0.00098400000000000007,0.00049200000000000003,1.3200000000000001e-05
0.00098400000000000007,0.00049200000000000003,1.6500000000000001e-05
0.00098400000000000007,0.00049200000000000003,1.98e-05
0.00098400000000000007,0.00049200000000000003,2.3099999999999999e-05
0.00098400000000000007,0.00049200000000000003,2.6400000000000001e-05
0.00098400000000000007,0.00049200000000000003,2.97e-05
0.00098400000000000007,0.00049200000000000003,3.3000000000000003e-05
0.0010455,0.00049200000000000003,3.3000000000000002e-06
0.0010455,0.00049200000000000003,0
0.0010455,0.00049200000000000003,6.6000000000000003e-06
0.0010455,0.00049200000000000003,9.9000000000000001e-06
0.0010455,0.00049200000000000003,1.3200000000000001e-05
0.0010455,0.00049200000000000003,1.6500000000000001e-05
0.0010455,0.00049200000000000003,1.98e-05
0.0010455,0.00049200000000000003,2.3099999999999999e-05
0.0010455,0.00049200000000000003,2.6400000000000001e-05
0.0010455,0.00049200000000000003,2.97e-05
0.0010455,0.00049200000000000003,3.3000000000000003e-05
0.0011069999999999999,0.00049200000000000003,3.3000000000000002e-06
0.0011069999999999999,0.00049200000000000003,0
0.0011069999999999999,0.00049200000000000003,6.6000000000000003e-06
0.0011069999999999999,0.00049200000000000003,9.9000000000000001e-06
0.0011069999999999999,0.00049200000000000003,1.3200000000000001e-05
0.0011069999999999999,0.00049200000000000003,1.6500000000000001e-05
0.0011069999999999999,0.00049200000000000003,1.98e-05
0.0011069999999999999,0.00049200000000000003,2.3099999999999999e-05
0.0011069999999999999,0.00049200000000000003,2.6400000000000001e-05
0.0011069999999999999,0.00049200000000000003,2.97e-05
0.0011069999999999999,0.00049200000000000003,3.3000000000000003e-05
0.0011685000000000001,0.00049200000000000003,3.3000000000000002e-06
0.0011685000000000001,0.00049200000000000003,0
0.0011685000000000001,0.00049200000000000003,6.6000000000000003e-06
0.0011685000000000001,0.00049200000000000003,9.9000000000000001e-06
0.0011685000000000001,0.00049200000000000003,1.3200000000000001e-05
0.0011685000000000001,0.00049200000000000003,1.6500000000000001e-05
0.0011685000000000001,0.00049200000000000003,1.98e-05
0.0011685000000000001,0.00049200000000000003,2.3099999999999999e-05
0.0011685000000000001,0.00049200000000000003,2.6400000000000001e-05
0.0011685000000000001,0.00049200000000000003,2.97e-05
0.0011685000000000001,0.00049200000000000003,3.3000000000000003e-05
0.00123,0.00049200000000000003,3.3000000000000002e-06
0.00123,0.00049200000000000003,0
0.00123,0.00049200000000000003,6.6000000000000003e-06
0.00123,0.00049200000000000003,9.9000000000000001e-06
0.00123,0.00049200000000000003,1.3200000000000001e-05
0.00123,0.00049200000000000003,1.6500000000000001e-05
0.00123,0.00049200000000000003,1.98e-05
0.00123,0.00049200000000000003,2.3099999999999999e-05
0.00123,0.00049200000000000003,2.6400000000000001e-05
0.00123,0.00049200000000000003,2.97e-05
0.00123,0.00049200000000000003,3.3000000000000003e-05
0.0012914999999999999,0.00049200000000000003,3.3000000000000002e-06
0.0012914999999999999,0.00049200000000000003,0
0.0012914999999999999,0.00049200000000000003,6.6000000000000003e-06
0.0012914999999999999,0.00049200000000000003,9.9000000000000001e-06
0.0012914999999999999,0.00049200000000000003,1.3200000000000001e-05
0.0012914999999999999,0.00049200000000000003,1.6500000000000001e-05
0.0012914999999999999,0.00049200000000000003,1.98e-05
0.0012914999999999999,0.00049200000000000003,2.3099999999999999e-05
0.0012914999999999999,0.00049200000000000003,2.6400000000000001e-05
0.0012914999999999999,0.00049200000000000003,2.97e-05
0.0012914999999999999,0.00049200000000000003,3.3000000000000003e-05
0.001353,0.00049200000000000003,3.3000000000000002e-06
0.001353,0.00049200000000000003,0
0.001353,0.00049200000000000003,6.6000000000000003e-06
0.001353,0.00049200000000000003,9.9000000000000001e-06
0.001353,0.00049200000000000003,1.3200000000000001e-05
0.001353,0.00049200000000000003,1.6500000000000001e-05
0.001353,0.00049200000000000003,1.98e-05
0.001353,0.00049200000000000003,2.3099999999999999e-05
0.001353,0.00049200000000000003,2.6400000000000001e-05
0.001353,0.00049200000000000003,2.97e-05
0.001353,0.00049200000000000003,3.3000000000000003e-05
0.0014145,0.00049200000000000003,3.3000000000000002e-06
0.0014145,0.00049200000000000003,0
0.0014145,0.00049200000000000003,6.6000000000000003e-06
0.0014145,0.00049200000000000003,9.9000000000000001e-06
0.0014145,0.00049200000000000003,1.3200000000000001e-05
0.0014145,0.00049200000000000003,1.6500000000000001e-05
0.0014145,0.00049200000000000003,1.98e-05
0.0014145,0.00049200000000000003,2.3099999999999999e-05
0.0014145,0.00049200000000000003,2.6400000000000001e-05
0.0014145,0.00049200000000000003,2.97e-05
0.0014145,0.00049200000000000003,3.3000000000000003e-05
0.0014760000000000001,0.00049200000000000003,3.3000000000000002e-06
0.0014760000000000001,0.00049200000000000003,0
0.0014760000000000001,0.00049200000000000003,6.6000000000000003e-06
0.0014760000000000001,0.00049200000000000003,9.9000000000000001e-06
0.0014760000000000001,0.00049200000000000003,1.3200000000000001e-05
0.0014760000000000001,0.00049200000000000003,1.6500000000000001e-05
0.0014760000000000001,0.00049200000000000003,1.98e-05
0.0014760000000000001,0.00049200000000000003,2.3099999999999999e-05
0.0014760000000000001,0.00049200000000000003,2.6400000000000001e-05
0.0014760000000000001,0.00049200000000000003,2.97e-05
0.0014760000000000001,0.00049200000000000003,3.3000000000000003e-05
0.0015375,0.00049200000000000003,3.3000000000000002e-06
0.0015375,0.00049200000000000003,0
0.0015375,0.00049200000000000003,6.6000000000000003e-06
0.0015375,0.00049200000000000003,9.9000000000000001e-06
0.0015375,0.00049200000000000003,1.3200000000000001e-05
0.0015375,0.00049200000000000003,1.6500000000000001e-05
0.0015375,0.00049200000000000003,1.98e-05
0.0015375,0.00049200000000000003,2.3099999999999999e-05
0.0015375,0.00049200000000000003,2.6400000000000001e-05
0.0015375,0.00049200000000000003,2.97e-05
0.0015375,0.00049200000000000003,3.3000000000000003e-05
0.0015989999999999999,0.00049200000000000003,3.3000000000000002e-06
0.0015989999999999999,0.00049200000000000003,0
0.0015989999999999999,0.00049200000000000003,6.6000000000000003e-06
0.0015989999999999999,0.00049200000000000003,9.9000000000000001e-06
0.0015989999999999999,0.00049200000000000003,1.3200000000000001e-05
0.0015989999999999999,0.00049200000000000003,1.6500000000000001e-05
0.0015989999999999999,0.00049200000000000003,1.98e-05
0.0015989999999999999,0.00049200000000000003,2.3099999999999999e-05
0.0015989999999999999,0.00049200000000000003,2.6400000000000001e-05
0.0015989999999999999,0.00049200000000000003,2.97e-05
0.0015989999999999999,0.00049200000000000003,3.3000000000000003e-05
0.0016605000000000001,0.00049200000000000003,3.3000000000000002e-06
0.0016605000000000001,0.00049200000000000003,0
0.0016605000000000001,0.00049200000000000003,6.6000000000000003e-06
0.0016605000000000001,0.00049200000000000003,9.9000000000000001e-06
0.0016605000000000001,0.00049200000000000003,1.3200000000000001e-05
0.0016605000000000001,0.00049200000000000003,1.6500000000000001e-05
0.0016605000000000001,0.00049200000000000003,1.98e-05
0.0016605000000000001,0.00049200000000000003,2.3099999999999999e-05
0.0016605000000000001,0.00049200000000000003,2.6400000000000001e-05
0.0016605000000000001,0.00049200000000000003,2.97e-05
0.0016605000000000001,0.00049200000000000003,3.3000000000000003e-05
0.001722,0.00049200000000000003,3.3000000000000002e-06
0.001722,0.00049200000000000003,0
0.001722,0.00049200000000000003,6.6000000000000003e-06
0.001722,0.00049200000000000003,9.9000000000000001e-06
0.001722,0.00049200000000000003,1.3200000000000001e-05
0.001722,0.00049200000000000003,1.6500000000000001e-05
0.001722,0.00049200000000000003,1.98e-05
0.001722,0.00049200000000000003,2.3099999999999999e-05
0.001722,0.00049200000000000003,2.6400000000000001e-05
0.001722,0.00049200000000000003,2.97e-05
0.001722,0.00049200000000000003,3.3000000000000003e-05
0.0017834999999999999,0.00049200000000000003,3.3000000000000002e-06
0.0017834999999999999,0.00049200000000000003,0
0.0017834999999999999,0.00049200000000000003,6.6000000000000003e-06
0.0017834999999999999,0.00049200000000000003,9.9000000000000001e-06
0.0017834999999999999,0.00049200000000000003,1.3200000000000001e-05
0.0017834999999999999,0.00049200000000000003,1.6500000000000001e-05
0.0017834999999999999,0.00049200000000000003,1.98e-05
0.0017834999999999999,0.00049200000000000003,2.3099999999999999e-05
0.0017834999999999999,0.00049200000000000003,2.6400000000000001e-05
0.0017834999999999999,0.00049200000000000003,2.97e-05
0.0017834999999999999,0.00049200000000000003,3.3000000000000003e-05
0.0018450000000000001,0.00049200000000000003,3.3000000000000002e-06
0.0018450000000000001,0.00049200000000000003,0
0.0018450000000000001,0.00049200000000000003,6.6000000000000003e-06
0.0018450000000000001,0.00049200000000000003,9.9000000000000001e-06
0.0018450000000000001,0.00049200000000000003,1.3200000000000001e-05
0.0018450000000000001,0.00049200000000000003,1.6500000000000001e-05
0.0018450000000000001,0.00049200000000000003,1.98e-05
0.0018450000000000001,0.00049200000000000003,2.3099999999999999e-05
0.0018450000000000001,0.00049200000000000003,2.6400000000000001e-05
0.0018450000000000001,0.00049200000000000003,2.97e-05
0.0018450000000000001,0.00049200000000000003,3.3000000000000003e-05
0.0019065,0.00049200000000000003,3.3000000000000002e-06
0.0019065,0.00049200000000000003,0
0.0019065,0.00049200000000000003,6.6000000000000003e-06
0.0019065,0.00049200000000000003,9.9000000000000001e-06
0.0019065,0.00049200000000000003,1.3200000000000001e-05
0.0019065,0.00049200000000000003,1.6500000000000001e-05
0.0019065,0.00049200000000000003,1.98e-05
0.0019065,0.00049200000000000003,2.3099999999999999e-05
0.0019065,0.00049200000000000003,2.6400000000000001e-05
0.0019065,0.00049200000000000003,2.97e-05
0.0019065,0.00049200000000000003,3.3000000000000003e-05
0.0019680000000000001,0.00049200000000000003,3.3000000000000002e-06
0.0019680000000000001,0.00049200000000000003,0
0.0019680000000000001,0.00049200000000000003,6.6000000000000003e-06
0.0019680000000000001,0.00049200000000000003,9.9000000000000001e-06
0.0019680000000000001,0.00049200000000000003,1.3200000000000001e-05
0.0019680000000000001,0.00049200000000000003,1.6500000000000001e-05
0.0019680000000000001,0.00049200000000000003,1.98e-05
0.0019680000000000001,0.00049200000000000003,2.3099999999999999e-05
0.0019680000000000001,0.00049200000000000003,2.6400000000000001e-05
0.0019680000000000001,0.00049200000000000003,2.97e-05
0.0019680000000000001,0.00049200000000000003,3.3000000000000003e-05
0.0020295000000000001,0.00049200000000000003,3.3000000000000002e-06
0.0020295000000000001,0.00049200000000000003,0
0.0020295000000000001,0.00049200000000000003,6.6000000000000003e-06
0.0020295000000000001,0.00049200000000000003,9.9000000000000001e-06
0.0020295000000000001,0.00049200000000000003,1.3200000000000001e-05
0.0020295000000000001,0.00049200000000000003,1.6500000000000001e-05
0.0020295000000000001,0.00049200000000000003,1.98e-05
0.0020295000000000001,0.00049200000000000003,2.3099999999999999e-05
0.0020295000000000001,0.00049200000000000003,2.6400000000000001e-05
0.0020295000000000001,0.00049200000000000003,2.97e-05
0.0020295000000000001,0.00049200000000000003,3.3000000000000003e-05
0.002091,0.00049200000000000003,3.3000000000000002e-06
0.002091,0.00049200000000000003,0
0.002091,0.00049200000000000003,6.6000000000000003e-06
0.002091,0.00049200000000000003,9.9000000000000001e-06
0.002091,0.00049200000000000003,1.3200000000000001e-05
0.002091,0.00049200000000000003,1.6500000000000001e-05
0.002091,0.00049200000000000003,1.98e-05
0.002091,0.00049200000000000003,2.3099999999999999e-05
0.002091,0.00049200000000000003,2.6400000000000001e-05
0.002091,0.00049200000000000003,2.97e-05
0.002091,0.00049200000000000003,3.3000000000000003e-05
0.0021524999999999999,0.00049200000000000003,3.3000000000000002e-06
0.0021524999999999999,0.00049200000000000003,0
0.0021524999999999999,0.00049200000000000003,6.6000000000000003e-06
0.0021524999999999999,0.00049200000000000003,9.9000000000000001e-06
0.0021524999999999999,0.00049200000000000003,1.3200000000000001e-05
0.0021524999999999999,0.00049200000000000003,1.6500000000000001e-05
0.0021524999999999999,0.00049200000000000003,1.98e-05
0.0021524999999999999,0.00049200000000000003,2.3099999999999999e-05
0.0021524999999999999,0.00049200000000000003,2.6400000000000001e-05
0.0021524999999999999,0.00049200000000000003,2.97e-05
0.0021524999999999999,0.00049200000000000003,3.3000000000000003e-05
0.0022139999999999998,0.00049200000000000003,3.3000000000000002e-06
0.0022139999999999998,0.00049200000000000003,0
0.0022139999999999998,0.00049200000000000003,6.6000000000000003e-06
0.0022139999999999998,0.00049200000000000003,9.9000000000000001e-06
0.0022139999999999998,0.00049200000000000003,1.3200000000000001e-05
0.0022139999999999998,0.00049200000000000003,1.6500000000000001e-05
0.0022139999999999998,0.00049200000000000003,1.98e-05
0.0022139999999999998,0.00049200000000000003,2.3099999999999999e-05
0.0022139999999999998,0.00049200000000000003,2.6400000000000001e-05
0.0022139999999999998,0.00049200000000000003,2.97e-05
0.0022139999999999998,0.00049200000000000003,3.3000000000000003e-05
0.0022755000000000002,0.00049200000000000003,3.3000000000000002e-06
0.0022755000000000002,0.00049200000000000003,0
0.0022755000000000002,0.00049200000000000003,6.6000000000000003e-06
0.0022755000000000002,0.00049200000000000003,9.9000000000000001e-06
0.0022755000000000002,0.00049200000000000003,1.3200000000000001e-05
0.0022755000000000002,0.00049200000000000003,1.6500000000000001e-05
0.0022755000000000002,0.00049200000000000003,1.98e-05
0.0022755000000000002,0.00049200000000000003,2.3099999999999999e-05
0.0022755000000000002,0.00049200000000000003,2.6400000000000001e-05
0.0022755000000000002,0.00049200000000000003,2.97e-05
0.0022755000000000002,0.00049200000000000003,3.3000000000000003e-05
0.0023370000000000001,0.00049200000000000003,3.3000000000000002e-06
0.0023370000000000001,0.00049200000000000003,0
0.0023370000000000001,0.00049200000000000003,6.6000000000000003e-06
0.0023370000000000001,0.00049200000000000003,9.9000000000000001e-06
0.0023370000000000001,0.00049200000000000003,1.3200000000000001e-05
0.0023370000000000001,0.00049200000000000003,1.6500000000000001e-05
0.0023370000000000001,0.00049200000000000003,1.98e-05
0.0023370000000000001,0.00049200000000000003,2.3099999999999999e-05
0.0023370000000000001,0.00049200000000000003,2.6400000000000001e-05
0.0023370000000000001,0.00049200000000000003,2.97e-05
0.0023370000000000001,0.00049200000000000003,3.3000000000000003e-05
0.0023985,0.00049200000000000003,3.3000000000000002e-06
0.0023985,0.00049200000000000003,0
0.0023985,0.00049200000000000003,6.6000000000000003e-06
0.0023985,0.00049200000000000003,9.9000000000000001e-06
0.0023985,0.00049200000000000003,1.3200000000000001e-05
0.0023985,0.00049200000000000003,1.6500000000000001e-05
0.0023985,0.00049200000000000003,1.98e-05
0.0023985,0.00049200000000000003,2.3099999999999999e-05
0.0023985,0.00049200000000000003,2.6400000000000001e-05
0.0023985,0.00049200000000000003,2.97e-05
0.0023985,0.00049200000000000003,3.3000000000000003e-05
0.0024599999999999999,0.00049200000000000003,3.3000000000000002e-06
0.0024599999999999999,0.00049200000000000003,0
0.0024599999999999999,0.00049200000000000003,6.6000000000000003e-06
0.0024599999999999999,0.00049200000000000003,9.9000000000000001e-06
0.0024599999999999999,0.00049200000000000003,1.3200000000000001e-05
0.0024599999999999999,0.00049200000000000003,1.6500000000000001e-05
0.0024599999999999999,0.00049200000000000003,1.98e-05
0.0024599999999999999,0.00049200000000000003,2.3099999999999999e-05
0.0024599999999999999,0.00049200000000000003,2.6400000000000001e-05
0.0024599999999999999,0.00049200000000000003,2.97e-05
0.0024599999999999999,0.00049200000000000003,3.3000000000000003e-05
0.0025214999999999999,0.00049200000000000003,3.3000000000000002e-06
0.0025214999999999999,0.00049200000000000003,0
0.0025214999999999999,0.00049200000000000003,6.6000000000000003e-06
0.0025214999999999999,0.00049200000000000003,9.9000000000000001e-06
0.0025214999999999999,0.00049200000000000003,1.3200000000000001e-05
0.0025214999999999999,0.00049200000000000003,1.6500000000000001e-05
0.0025214999999999999,0.00049200000000000003,1.98e-05
0.0025214999999999999,0.00049200000000000003,2.3099999999999999e-05
0.0025214999999999999,0.00049200000000000003,2.6400000000000001e-05
0.0025214999999999999,0.00049200000000000003,2.97e-05
0.0025214999999999999,0.00049200000000000003,3.3000000000000003e-05
0.0025829999999999998,0.00049200000000000003,3.3000000000000002e-06
0.0025829999999999998,0.00049200000000000003,0
0.0025829999999999998,0.00049200000000000003,6.6000000000000003e-06
0.0025829999999999998,0.00049200000000000003,9.9000000000000001e-06
0.0025829999999999998,0.00049200000000000003,1.3200000000000001e-05
0.0025829999999999998,0.00049200000000000003,1.6500000000000001e-05
0.0025829999999999998,0.00049200000000000003,1.98e-05
0.0025829999999999998,0.00049200000000000003,2.3099999999999999e-05
0.0025829999999999998,0.00049200000000000003,2.6400000000000001e-05
0.0025829999999999998,0.00049200000000000003,2.97e-05
0.0025829999999999998,0.00049200000000000003,3.3000000000000003e-05
0.0026445000000000001,0.00049200000000000003,3.3000000000000002e-06
0.0026445000000000001,0.00049200000000000003,0
0.0026445000000000001,0.00049200000000000003,6.6000000000000003e-06
0.0026445000000000001,0.00049200000000000003,9.9000000000000001e-06
0.0026445000000000001,0.00049200000000000003,1.3200000000000001e-05
0.0026445000000000001,0.00049200000000000003,1.6500000000000001e-05
0.0026445000000000001,0.00049200000000000003,1.98e-05
0.0026445000000000001,0.00049200000000000003,2.3099999999999999e-05
0.0026445000000000001,0.00049200000000000003,2.6400000000000001e-05
0.0026445000000000001,0.00049200000000000003,2.97e-05
0.0026445000000000001,0.00049200000000000003,3.3000000000000003e-05
0.0027060000000000001,0.00049200000000000003,3.3000000000000002e-06
0.0027060000000000001,0.00049200000000000003,0
0.0027060000000000001,0.00049200000000000003,6.6000000000000003e-06
0.0027060000000000001,0.00049200000000000003,9.9000000000000001e-06
0.0027060000000000001,0.00049200000000000003,1.3200000000000001e-05
0.0027060000000000001,0.00049200000000000003,1.6500000000000001e-05
0.0027060000000000001,0.00049200000000000003,1.98e-05
0.0027060000000000001,0.00049200000000000003,2.3099999999999999e-05
0.0027060000000000001,0.00049200000000000003,2.6400000000000001e-05
0.0027060000000000001,0.00049200000000000003,2.97e-05
0.0027060000000000001,0.00049200000000000003,3.3000000000000003e-05
0.0027675,0.00049200000000000003,3.3000000000000002e-06
0.0027675,0.00049200000000000003,0
0.0027675,0.00049200000000000003,6.6000000000000003e-06
0.0027675,0.00049200000000000003,9.9000000000000001e-06
0.0027675,0.00049200000000000003,1.3200000000000001e-05
0.0027675,0.00049200000000000003,1.6500000000000001e-05
0.0027675,0.00049200000000000003,1.98e-05
0.0027675,0.00049200000000000003,2.3099999999999999e-05
0.0027675,0.00049200000000000003,2.6400000000000001e-05
0.0027675,0.00049200000000000003,2.97e-05
0.0027675,0.00049200000000000003,3.3000000000000003e-05
0.0028289999999999999,0.00049200000000000003,3.3000000000000002e-06
0.0028289999999999999,0.00049200000000000003,0
0.0028289999999999999,0.00049200000000000003,6.6000000000000003e-06
0.0028289999999999999,0.00049200000000000003,9.9000000000000001e-06
0.0028289999999999999,0.00049200000000000003,1.3200000000000001e-05
0.0028289999999999999,0.00049200000000000003,1.6500000000000001e-05
0.0028289999999999999,0.00049200000000000003,1.98e-05
0.0028289999999999999,0.00049200000000000003,2.3099999999999999e-05
0.0028289999999999999,0.00049200000000000003,2.6400000000000001e-05
0.0028289999999999999,0.00049200000000000003,2.97e-05
0.0028289999999999999,0.00049200000000000003,3.3000000000000003e-05
0.0028904999999999998,0.00049200000000000003,3.3000000000000002e-06
0.0028904999999999998,0.00049200000000000003,0
0.0028904999999999998,0.00049200000000000003,6.6000000000000003e-06
0.0028904999999999998,0.00049200000000000003,9.9000000000000001e-06
0.0028904999999999998,0.00049200000000000003,1.3200000000000001e-05
0.0028904999999999998,0.00049200000000000003,1.6500000000000001e-05
0.0028904999999999998,0.00049200000000000003,1.98e-05
0.0028904999999999998,0.00049200000000000003,2.3099999999999999e-05
0.0028904999999999998,0.00049200000000000003,2.6400000000000001e-05
0.0028904999999999998,0.00049200000000000003,2.97e-05
0.0028904999999999998,0.00049200000000000003,3.3000000000000003e-05
0.0029520000000000002,0.00049200000000000003,3.3000000000000002e-06
0.0029520000000000002,0.00049200000000000003,0
0.0029520000000000002,0.00049200000000000003,6.6000000000000003e-06
0.0029520000000000002,0.00049200000000000003,9.9000000000000001e-06
0.0029520000000000002,0.00049200000000000003,1.3200000000000001e-05
0.0029520000000000002,0.00049200000000000003,1.6500000000000001e-05
0.0029520000000000002,0.00049200000000000003,1.98e-05
0.0029520000000000002,0.00049200000000000003,2.3099999999999999e-05
0.0029520000000000002,0.00049200000000000003,2.6400000000000001e-05
0.0029520000000000002,0.00049200000000000003,2.97e-05
0.0029520000000000002,0.00049200000000000003,3.3000000000000003e-05
0.0030135000000000001,0.00049200000000000003,3.3000000000000002e-06
0.0030135000000000001,0.00049200000000000003,0
0.0030135000000000001,0.00049200000000000003,6.6000000000000003e-06
0.0030135000000000001,0.00049200000000000003,9.9000000000000001e-06
0.0030135000000000001,0.00049200000000000003,1.3200000000000001e-05
0.0030135000000000001,0.00049200000000000003,1.6500000000000001e-05
0.0030135000000000001,0.00049200000000000003,1.98e-05
0.0030135000000000001,0.00049200000000000003,2.3099999999999999e-05
0.0030135000000000001,0.00049200000000000003,2.6400000000000001e-05
0.0030135000000000001,0.00049200000000000003,2.97e-05
0.0030135000000000001,0.00049200000000000003,3.3000000000000003e-05
0.003075,0.00049200000000000003,3.3000000000000002e-06
0.003075,0.00049200000000000003,0
0.003075,0.00049200000000000003,6.6000000000000003e-06
0.003075,0.00049200000000000003,9.9000000000000001e-06
0.003075,0.00049200000000000003,1.3200000000000001e-05
0.003075,0.00049200000000000003,1.6500000000000001e-05
0.003075,0.00049200000000000003,1.98e-05
0.003075,0.00049200000000000003,2.3099999999999999e-05
0.003075,0.00049200000000000003,2.6400000000000001e-05
0.003075,0.00049200000000000003,2.97e-05
0.003075,0.00049200000000000003,3.3000000000000003e-05
0.0031365,0.00049200000000000003,3.3000000000000002e-06
0.0031365,0.00049200000000000003,0
0.0031365,0.00049200000000000003,6.6000000000000003e-06
0.0031365,0.00049200000000000003,9.9000000000000001e-06
0.0031365,0.00049200000000000003,1.3200000000000001e-05
0.0031365,0.00049200000000000003,1.6500000000000001e-05
0.0031365,0.00049200000000000003,1.98e-05
0.0031365,0.00049200000000000003,2.3099999999999999e-05
0.0031365,0.00049200000000000003,2.6400000000000001e-05
0.0031365,0.00049200000000000003,2.97e-05
0.0031365,0.00049200000000000003,3.3000000000000003e-05
0.0031979999999999999,0.00049200000000000003,3.3000000000000002e-06
0.0031979999999999999,0.00049200000000000003,0
0.0031979999999999999,0.00049200000000000003,6.6000000000000003e-06
0.0031979999999999999,0.00049200000000000003,9.9000000000000001e-06
0.0031979999999999999,0.00049200000000000003,1.3200000000000001e-05
0.0031979999999999999,0.00049200000000000003,1.6500000000000001e-05
0.0031979999999999999,0.00049200000000000003,1.98e-05
0.0031979999999999999,0.00049200000000000003,2.3099999999999999e-05
0.0031979999999999999,0.00049200000000000003,2.6400000000000001e-05
0.0031979999999999999,0.00049200000000000003,2.97e-05
0.0031979999999999999,0.00049200000000000003,3.3000000000000003e-05
0.0032594999999999998,0.00049200000000000003,3.3000000000000002e-06
0.0032594999999999998,0.00049200000000000003,0
0.0032594999999999998,0.00049200000000000003,6.6000000000000003e-06
0.0032594999999999998,0.00049200000000000003,9.9000000000000001e-06
0.0032594999999999998,0.00049200000000000003,1.3200000000000001e-05
0.0032594999999999998,0.00049200000000000003,1.6500000000000001e-05
0.0032594999999999998,0.00049200000000000003,1.98e-05
0.0032594999999999998,0.00049200000000000003,2.3099999999999999e-05
0.0032594999999999998,0.00049200000000000003,2.6400000000000001e-05
0.0032594999999999998,0.00049200000000000003,2.97e-05
0.0032594999999999998,0.00049200000000000003,3.3000000000000003e-05
0.0033210000000000002,0.00049200000000000003,3.3000000000000002e-06
0.0033210000000000002,0.00049200000000000003,0
0.0033210000000000002,0.00049200000000000003,6.6000000000000003e-06
0.0033210000000000002,0.00049200000000000003,9.9000000000000001e-06
0.0033210000000000002,0.00049200000000000003,1.3200000000000001e-05
0.0033210000000000002,0.00049200000000000003,1.6500000000000001e-05
0.0033210000000000002,0.00049200000000000003,1.98e-05
0.0033210000000000002,0.00049200000000000003,2.3099999999999999e-05
0.0033210000000000002,0.00049200000000000003,2.6400000000000001e-05
0.0033210000000000002,0.00049200000000000003,2.97e-05
0.0033210000000000002,0.00049200000000000003,3.3000000000000003e-05
0.0033825000000000001,0.00049200000000000003,3.3000000000000002e-06
0.0033825000000000001,0.00049200000000000003,0
0.0033825000000000001,0.00049200000000000003,6.6000000000000003e-06
0.0033825000000000001,0.00049200000000000003,9.9000000000000001e-06
0.0033825000000000001,0.00049200000000000003,1.3200000000000001e-05
0.0033825000000000001,0.00049200000000000003,1.6500000000000001e-05
0.0033825000000000001,0.00049200000000000003,1.98e-05
0.0033825000000000001,0.00049200000000000003,2.3099999999999999e-05
0.0033825000000000001,0.00049200000000000003,2.6400000000000001e-05
0.0033825000000000001,0.00049200000000000003,2.97e-05
0.0033825000000000001,0.00049200000000000003,3.3000000000000003e-05
0.003444,0.00049200000000000003,3.3000000000000002e-06
0.003444,0.00049200000000000003,0
0.003444,0.00049200000000000003,6.6000000000000003e-06
0.003444,0.00049200000000000003,9.9000000000000001e-06
0.003444,0.00049200000000000003,1.3200000000000001e-05
0.003444,0.00049200000000000003,1.6500000000000001e-05
0.003444,0.00049200000000000003,1.98e-05
0.003444,0.00049200000000000003,2.3099999999999999e-05
0.003444,0.00049200000000000003,2.6400000000000001e-05
0.003444,0.00049200000000000003,2.97e-05
0.003444,0.00049200000000000003,3.3000000000000003e-05
0.0035054999999999999,0.00049200000000000003,3.3000000000000002e-06
0.0035054999999999999,0.00049200000000000003,0
0.0035054999999999999,0.00049200000000000003,6.6000000000000003e-06
0.0035054999999999999,0.00049200000000000003,9.9000000000000001e-06
0.0035054999999999999,0.00049200000000000003,1.3200000000000001e-05
0.0035054999999999999,0.00049200000000000003,1.6500000000000001e-05
0.0035054999999999999,0.00049200000000000003,1.98e-05
0.0035054999999999999,0.00049200000000000003,2.3099999999999999e-05
0.0035054999999999999,0.00049200000000000003,2.6400000000000001e-05
0.0035054999999999999,0.00049200000000000003,2.97e-05
0.0035054999999999999,0.00049200000000000003,3.3000000000000003e-05
0.0035669999999999999,0.00049200000000000003,3.3000000000000002e-06
0.0035669999999999999,0.00049200000000000003,0
0.0035669999999999999,0.00049200000000000003,6.6000000000000003e-06
0.0035669999999999999,0.00049200000000000003,9.9000000000000001e-06
0.0035669999999999999,0.00049200000000000003,1.3200000000000001e-05
0.0035669999999999999,0.00049200000000000003,1.6500000000000001e-05
0.0035669999999999999,0.00049200000000000003,1.98e-05
0.0035669999999999999,0.00049200000000000003,2.3099999999999999e-05
0.0035669999999999999,0.00049200000000000003,2.6400000000000001e-05
0.0035669999999999999,0.00049200000000000003,2.97e-05
0.0035669999999999999,0.00049200000000000003,3.3000000000000003e-05
0.0036285000000000002,0.00049200000000000003,3.3000000000000002e-06
0.0036285000000000002,0.00049200000000000003,0
0.0036285000000000002,0.00049200000000000003,6.6000000000000003e-06
0.0036285000000000002,0.00049200000000000003,9.9000000000000001e-06
0.0036285000000000002,0.00049200000000000003,1.3200000000000001e-05
0.0036285000000000002,0.00049200000000000003,1.6500000000000001e-05
0.0036285000000000002,0.00049200000000000003,1.98e-05
0.0036285000000000002,0.00049200000000000003,2.3099999999999999e-05
0.0036285000000000002,0.00049200000000000003,2.6400000000000001e-05
0.0036285000000000002,0.00049200000000000003,2.97e-05
0.0036285000000000002,0.00049200000000000003,3.3000000000000003e-05
0.0036900000000000001,0.00049200000000000003,3.3000000000000002e-06
0.0036900000000000001,0.00049200000000000003,0
0.0036900000000000001,0.00049200000000000003,6.6000000000000003e-06
0.0036900000000000001,0.00049200000000000003,9.9000000000000001e-06
0.0036900000000000001,0.00049200000000000003,1.3200000000000001e-05
0.0036900000000000001,0.00049200000000000003,1.6500000000000001e-05
0.0036900000000000001,0.00049200000000000003,1.98e-05
0.0036900000000000001,0.00049200000000000003,2.3099999999999999e-05
0.0036900000000000001,0.00049200000000000003,2.6400000000000001e-05
0.0036900000000000001,0.00049200000000000003,2.97e-05
0.0036900000000000001,0.00049200000000000003,3.3000000000000003e-05
0.0037515000000000001,0.00049200000000000003,3.3000000000000002e-06
0.0037515000000000001,0.00049200000000000003,0
0.0037515000000000001,0.00049200000000000003,6.6000000000000003e-06
0.0037515000000000001,0.00049200000000000003,9.9000000000000001e-06
0.0037515000000000001,0.00049200000000000003,1.3200000000000001e-05
0.0037515000000000001,0.00049200000000000003,1.6500000000000001e-05
0.0037515000000000001,0.00049200000000000003,1.98e-05
0.0037515000000000001,0.00049200000000000003,2.3099999999999999e-05
0.0037515000000000001,0.00049200000000000003,2.6400000000000001e-05
0.0037515000000000001,0.00049200000000000003,2.97e-05
0.0037515000000000001,0.00049200000000000003,3.3000000000000003e-05
0.003813,0.00049200000000000003,3.3000000000000002e-06
0.003813,0.00049200000000000003,0
0.003813,0.00049200000000000003,6.6000000000000003e-06
0.003813,0.00049200000000000003,9.9000000000000001e-06
0.003813,0.00049200000000000003,1.3200000000000001e-05
0.003813,0.00049200000000000003,1.6500000000000001e-05
0.003813,0.00049200000000000003,1.98e-05
0.003813,0.00049200000000000003,2.3099999999999999e-05
0.003813,0.00049200000000000003,2.6400000000000001e-05
0.003813,0.00049200000000000003,2.97e-05
0.003813,0.00049200000000000003,3.3000000000000003e-05
0.0038744999999999999,0.00049200000000000003,3.3000000000000002e-06
0.0038744999999999999,0.00049200000000000003,0
0.0038744999999999999,0.00049200000000000003,6.6000000000000003e-06
0.0038744999999999999,0.00049200000000000003,9.9000000000000001e-06
0.0038744999999999999,0.00049200000000000003,1.3200000000000001e-05
0.0038744999999999999,0.00049200000000000003,1.6500000000000001e-05
0.0038744999999999999,0.00049200000000000003,1.98e-05
0.0038744999999999999,0.00049200000000000003,2.3099999999999999e-05
0.0038744999999999999,0.00049200000000000003,2.6400000000000001e-05
0.0038744999999999999,0.00049200000000000003,2.97e-05
0.0038744999999999999,0.00049200000000000003,3.3000000000000003e-05
0.0039360000000000003,0.00049200000000000003,3.3000000000000002e-06
0.0039360000000000003,0.00049200000000000003,0
0.0039360000000000003,0.00049200000000000003,6.6000000000000003e-06
0.0039360000000000003,0.00049200000000000003,9.9000000000000001e-06
0.0039360000000000003,0.00049200000000000003,1.3200000000000001e-05
0.0039360000000000003,0.00049200000000000003,1.6500000000000001e-05
0.0039360000000000003,0.00049200000000000003,1.98e-05
0.0039360000000000003,0.00049200000000000003,2.3099999999999999e-05
0.0039360000000000003,0.00049200000000000003,2.6400000000000001e-05
0.0039360000000000003,0.00049200000000000003,2.97e-05
0.0039360000000000003,0.00049200000000000003,3.3000000000000003e-05
0.0039975000000000002,0.00049200000000000003,3.3000000000000002e-06
0.0039975000000000002,0.00049200000000000003,0
0.0039975000000000002,0.00049200000000000003,6.6000000000000003e-06
0.0039975000000000002,0.00049200000000000003,9.9000000000000001e-06
0.0039975000000000002,0.00049200000000000003,1.3200000000000001e-05
0.0039975000000000002,0.00049200000000000003,1.6500000000000001e-05
0.0039975000000000002,0.00049200000000000003,1.98e-05
0.0039975000000000002,0.00049200000000000003,2.3099999999999999e-05
0.0039975000000000002,0.00049200000000000003,2.6400000000000001e-05
0.0039975000000000002,0.00049200000000000003,2.97e-05
0.0039975000000000002,0.00049200000000000003,3.3000000000000003e-05
0.0040590000000000001,0.00049200000000000003,3.3000000000000002e-06
0.0040590000000000001,0.00049200000000000003,0
0.0040590000000000001,0.00049200000000000003,6.6000000000000003e-06
0.0040590000000000001,0.00049200000000000003,9.9000000000000001e-06
0.0040590000000000001,0.00049200000000000003,1.3200000000000001e-05
0.0040590000000000001,0.00049200000000000003,1.6500000000000001e-05
0.0040590000000000001,0.00049200000000000003,1.98e-05
0.0040590000000000001,0.00049200000000000003,2.3099999999999999e-05
0.0040590000000000001,0.00049200000000000003,2.6400000000000001e-05
0.0040590000000000001,0.00049200000000000003,2.97e-05
0.0040590000000000001,0.00049200000000000003,3.3000000000000003e-05
0.0041205,0.00049200000000000003,3.3000000000000002e-06
0.0041205,0.00049200000000000003,0
0.0041205,0.00049200000000000003,6.6000000000000003e-06
0.0041205,0.00049200000000000003,9.9000000000000001e-06
0.0041205,0.00049200000000000003,1.3200000000000001e-05
0.0041205,0.00049200000000000003,1.6500000000000001e-05
0.0041205,0.00049200000000000003,1.98e-05
0.0041205,0.00049200000000000003,2.3099999999999999e-05
0.0041205,0.00049200000000000003,2.6400000000000001e-05
0.0041205,0.00049200000000000003,2.97e-05
0.0041205,0.00049200000000000003,3.3000000000000003e-05
0.004182,0.00049200000000000003,3.3000000000000002e-06
0.004182,0.00049200000000000003,0
0.004182,0.00049200000000000003,6.6000000000000003e-06
0.004182,0.00049200000000000003,9.9000000000000001e-06
0.004182,0.00049200000000000003,1.3200000000000001e-05
0.004182,0.00049200000000000003,1.6500000000000001e-05
0.004182,0.00049200000000000003,1.98e-05
0.004182,0.00049200000000000003,2.3099999999999999e-05
0.004182,0.00049200000000000003,2.6400000000000001e-05
0.004182,0.00049200000000000003,2.97e-05
0.004182,0.00049200000000000003,3.3000000000000003e-05
0.0042434999999999999,0.00049200000000000003,3.3000000000000002e-06
0.0042434999999999999,0.00049200000000000003,0
0.0042434999999999999,0.00049200000000000003,6.6000000000000003e-06
0.0042434999999999999,0.00049200000000000003,9.9000000000000001e-06
0.0042434999999999999,0.00049200000000000003,1.3200000000000001e-05
0.0042434999999999999,0.00049200000000000003,1.6500000000000001e-05
0.0042434999999999999,0.00049200000000000003,1.98e-05
0.0042434999999999999,0.00049200000000000003,2.3099999999999999e-05
0.0042434999999999999,0.00049200000000000003,2.6400000000000001e-05
0.0042434999999999999,0.00049200000000000003,2.97e-05
0.0042434999999999999,0.00049200000000000003,3.3000000000000003e-05
0.0043049999999999998,0.00049200000000000003,3.3000000000000002e-06
0.0043049999999999998,0.00049200000000000003,0
0.0043049999999999998,0.00049200000000000003,6.6000000000000003e-06
0.0043049999999999998,0.00049200000000000003,9.9000000000000001e-06
0.0043049999999999998,0.00049200000000000003,1.3200000000000001e-05
0.0043049999999999998,0.00049200000000000003,1.6500000000000001e-05
0.0043049999999999998,0.00049200000000000003,1.98e-05
0.0043049999999999998,0.00049200000000000003,2.3099999999999999e-05
0.0043049999999999998,0.00049200000000000003,2.6400000000000001e-05
0.0043049999999999998,0.00049200000000000003,2.97e-05
0.0043049999999999998,0.00049200000000000003,3.3000000000000003e-05
0.0043664999999999997,0.00049200000000000003,3.3000000000000002e-06
0.0043664999999999997,0.00049200000000000003,0
0.0043664999999999997,0.00049200000000000003,6.6000000000000003e-06
0.0043664999999999997,0.00049200000000000003,9.9000000000000001e-06
0.0043664999999999997,0.00049200000000000003,1.3200000000000001e-05
0.0043664999999999997,0.00049200000000000003,1.6500000000000001e-05
0.0043664999999999997,0.00049200000000000003,1.98e-05
0.0043664999999999997,0.00049200000000000003,2.3099999999999999e-05
0.0043664999999999997,0.00049200000000000003,2.6400000000000001e-05
0.0043664999999999997,0.00049200000000000003,2.97e-05
0.0043664999999999997,0.00049200000000000003,3.3000000000000003e-05
0.0044279999999999996,0.00049200000000000003,3.3000000000000002e-06
0.0044279999999999996,0.00049200000000000003,0
0.0044279999999999996,0.00049200000000000003,6.6000000000000003e-06
0.0044279999999999996,0.00049200000000000003,9.9000000000000001e-06
0.0044279999999999996,0.00049200000000000003,1.3200000000000001e-05
0.0044279999999999996,0.00049200000000000003,1.6500000000000001e-05
0.0044279999999999996,0.00049200000000000003,1.98e-05
0.0044279999999999996,0.00049200000000000003,2.3099999999999999e-05
0.0044279999999999996,0.00049200000000000003,2.6400000000000001e-05
0.0044279999999999996,0.00049200000000000003,2.97e-05
0.0044279999999999996,0.00049200000000000003,3.3000000000000003e-05
0.0044894999999999996,0.00049200000000000003,3.3000000000000002e-06
0.0044894999999999996,0.00049200000000000003,0
0.0044894999999999996,0.00049200000000000003,6.6000000000000003e-06
0.0044894999999999996,0.00049200000000000003,9.9000000000000001e-06
0.0044894999999999996,0.00049200000000000003,1.3200000000000001e-05
0.0044894999999999996,0.00049200000000000003,1.6500000000000001e-05
0.0044894999999999996,0.00049200000000000003,1.98e-05
0.0044894999999999996,0.00049200000000000003,2.3099999999999999e-05
0.0044894999999999996,0.00049200000000000003,2.6400000000000001e-05
0.0044894999999999996,0.00049200000000000003,2.97e-05
0.0044894999999999996,0.00049200000000000003,3.3000000000000003e-05
0.0045510000000000004,0.00049200000000000003,3.3000000000000002e-06
0.0045510000000000004,0.00049200000000000003,0
0.0045510000000000004,0.00049200000000000003,6.6000000000000003e-06
0.0045510000000000004,0.00049200000000000003,9.9000000000000001e-06
0.0045510000000000004,0.00049200000000000003,1.3200000000000001e-05
0.0045510000000000004,0.00049200000000000003,1.6500000000000001e-05
0.0045510000000000004,0.00049200000000000003,1.98e-05
0.0045510000000000004,0.00049200000000000003,2.3099999999999999e-05
0.0045510000000000004,0.00049200000000000003,2.6400000000000001e-05
0.0045510000000000004,0.00049200000000000003,2.97e-05
0.0045510000000000004,0.00049200000000000003,3.3000000000000003e-05
0.0046125000000000003,0.00049200000000000003,3.3000000000000002e-06
0.0046125000000000003,0.00049200000000000003,0
0.0046125000000000003,0.00049200000000000003,6.6000000000000003e-06
0.0046125000000000003,0.00049200000000000003,9.9000000000000001e-06
0.0046125000000000003,0.00049200000000000003,1.3200000000000001e-05
0.0046125000000000003,0.00049200000000000003,1.6500000000000001e-05
0.0046125000000000003,0.00049200000000000003,1.98e-05
0.0046125000000000003,0.00049200000000000003,2.3099999999999999e-05
0.0046125000000000003,0.00049200000000000003,2.6400000000000001e-05
0.0046125000000000003,0.00049200000000000003,2.97e-05
0.0046125000000000003,0.00049200000000000003,3.3000000000000003e-05
0.0046740000000000002,0.00049200000000000003,3.3000000000000002e-06
0.0046740000000000002,0.00049200000000000003,0
0.0046740000000000002,0.00049200000000000003,6.6000000000000003e-06
0.0046740000000000002,0.00049200000000000003,9.9000000000000001e-06
0.0046740000000000002,0.00049200000000000003,1.3200000000000001e-05
0.0046740000000000002,0.00049200000000000003,1.6500000000000001e-05
0.0046740000000000002,0.00049200000000000003,1.98e-05
0.0046740000000000002,0.00049200000000000003,2.3099999999999999e-05
0.0046740000000000002,0.00049200000000000003,2.6400000000000001e-05
0.0046740000000000002,0.00049200000000000003,2.97e-05
0.0046740000000000002,0.00049200000000000003,3.3000000000000003e-05
0.0047355000000000001,0.00049200000000000003,3.3000000000000002e-06
0.0047355000000000001,0.00049200000000000003,0
0.0047355000000000001,0.00049200000000000003,6.6000000000000003e-06
0.0047355000000000001,0.00049200000000000003,9.9000000000000001e-06
0.0047355000000000001,0.00049200000000000003,1.3200000000000001e-05
0.0047355000000000001,0.00049200000000000003,1.6500000000000001e-05
0.0047355000000000001,0.00049200000000000003,1.98e-05
0.0047355000000000001,0.00049200000000000003,2.3099999999999999e-05
0.0047355000000000001,0.00049200000000000003,2.6400000000000001e-05
0.0047355000000000001,0.00049200000000000003,2.97e-05
0.0047355000000000001,0.00049200000000000003,3.3000000000000003e-05
0.004797,0.00049200000000000003,3.3000000000000002e-06
0.004797,0.00049200000000000003,0
0.004797,0.00049200000000000003,6.6000000000000003e-06
0.004797,0.00049200000000000003,9.9000000000000001e-06
0.004797,0.00049200000000000003,1.3200000000000001e-05
0.004797,0.00049200000000000003,1.6500000000000001e-05
0.004797,0.00049200000000000003,1.98e-05
0.004797,0.00049200000000000003,2.3099999999999999e-05
0.004797,0.00049200000000000003,2.6400000000000001e-05
0.004797,0.00049200000000000003,2.97e-05
0.004797,0.00049200000000000003,3.3000000000000003e-05
0.0048585,0.00049200000000000003,3.3000000000000002e-06
0.0048585,0.00049200000000000003,0
0.0048585,0.00049200000000000003,6.6000000000000003e-06
0.0048585,0.00049200000000000003,9.9000000000000001e-06
0.0048585,0.00049200000000000003,1.3200000000000001e-05
0.0048585,0.00049200000000000003,1.6500000000000001e-05
0.0048585,0.00049200000000000003,1.98e-05
0.0048585,0.00049200000000000003,2.3099999999999999e-05
0.0048585,0.00049200000000000003,2.6400000000000001e-05
0.0048585,0.00049200000000000003,2.97e-05
0.0048585,0.00049200000000000003,3.3000000000000003e-05
0.0049199999999999999,0.00049200000000000003,3.3000000000000002e-06
0.0049199999999999999,0.00049200000000000003,0
0.0049199999999999999,0.00049200000000000003,6.6000000000000003e-06
0.0049199999999999999,0.00049200000000000003,9.9000000000000001e-06
0.0049199999999999999,0.00049200000000000003,1.3200000000000001e-05
0.0049199999999999999,0.00049200000000000003,1.6500000000000001e-05
0.0049199999999999999,0.00049200000000000003,1.98e-05
0.0049199999999999999,0.00049200000000000003,2.3099999999999999e-05
0.0049199999999999999,0.00049200000000000003,2.6400000000000001e-05
0.0049199999999999999,0.00049200000000000003,2.97e-05
0.0049199999999999999,0.00049200000000000003,3.3000000000000003e-05
6.1500000000000004e-05,2.05e-05,3.3000000000000003e-05
0,2.05e-05,3.3000000000000003e-05
6.1500000000000004e-05,4.1e-05,3.3000000000000003e-05
0,4.1e-05,3.3000000000000003e-05
6.1500000000000004e-05,6.1500000000000004e-05,3.3000000000000003e-05
0,6.1500000000000004e-05,3.3000000000000003e-05
6.1500000000000004e-05,8.2000000000000001e-05,3.3000000000000003e-05
0,8.2000000000000001e-05,3.3000000000000003e-05
6.1500000000000004e-05,0.0001025,3.3000000000000003e-05
0,0.0001025,3.3000000000000003e-05
6.1500000000000004e-05,0.00012300000000000001,3.3000000000000003e-05
0,0.00012300000000000001,3.3000000000000003e-05
6.1500000000000004e-05,0.00014349999999999999,3.3000000000000003e-05
0,0.00014349999999999999,3.3000000000000003e-05
6.1500000000000004e-05,0.000164,3.3000000000000003e-05
0,0.000164,3.3000000000000003e-05
6.1500000000000004e-05,0.00018450000000000001,3.3000000000000003e-05
0,0.00018450000000000001,3.3000000000000003e-05
6.1500000000000004e-05,0.000205,3.3000000000000003e-05
0,0.000205,3.3000000000000003e-05
6.1500000000000004e-05,0.00022550000000000001,3.3000000000000003e-05
0,0.00022550000000000001,3.3000000000000003e-05
6.1500000000000004e-05,0.00024600000000000002,3.3000000000000003e-05
0,0.00024600000000000002,3.3000000000000003e-05
6.1500000000000004e-05,0.00026650000000000003,3.3000000000000003e-05
0,0.00026650000000000003,3.3000000000000003e-05
6.1500000000000004e-05,0.00028699999999999998,3.3000000000000003e-05
0,0.00028699999999999998,3.3000000000000003e-05
6.1500000000000004e-05,0.00030749999999999999,3.3000000000000003e-05
0,0.00030749999999999999,3.3000000000000003e-05
6.1500000000000004e-05,0.000328,3.3000000000000003e-05
0,0.000328,3.3000000000000003e-05
6.1500000000000004e-05,0.00034850000000000001,3.3000000000000003e-05
0,0.00034850000000000001,3.3000000000000003e-05
6.1500000000000004e-05,0.00036900000000000002,3.3000000000000003e-05
0,0.00036900000000000002,3.3000000000000003e-05
6.1500000000000004e-05,0.00038949999999999998,3.3000000000000003e-05
0,0.00038949999999999998,3.3000000000000003e-05
6.1500000000000004e-05,0.00040999999999999999,3.3000000000000003e-05
0,0.00040999999999999999,3.3000000000000003e-05
6.1500000000000004e-05,0.0004305,3.3000000000000003e-05
0,0.0004305,3.3000000000000003e-05
6.1500000000000004e-05,0.00045100000000000001,3.3000000000000003e-05
0,0.00045100000000000001,3.3000000000000003e-05
6.1500000000000004e-05,0.00047150000000000002,3.3000000000000003e-05
0,0.00047150000000000002,3.3000000000000003e-05
0.00012300000000000001,2.05e-05,3.3000000000000003e-05
0.00012300000000000001,4.1e-05,3.3000000000000003e-05
0.00012300000000000001,6.1500000000000004e-05,3.3000000000000003e-05
0.00012300000000000001,8.2000000000000001e-05,3.3000000000000003e-05
0.00012300000000000001,0.0001025,3.3000000000000003e-05
0.00012300000000000001,0.00012300000000000001,3.3000000000000003e-05
0.00012300000000000001,0.00014349999999999999,3.3000000000000003e-05
0.00012300000000000001,0.000164,3.3000000000000003e-05
0.00012300000000000001,0.00018450000000000001,3.3000000000000003e-05
0.00012300000000000001,0.000205,3.3000000000000003e-05
0.00012300000000000001,0.00022550000000000001,3.3000000000000003e-05
0.00012300000000000001,0.00024600000000000002,3.3000000000000003e-05
0.00012300000000000001,0.00026650000000000003,3.3000000000000003e-05
0.00012300000000000001,0.00028699999999999998,3.3000000000000003e-05
0.00012300000000000001,0.00030749999999999999,3.3000000000000003e-05
0.00012300000000000001,0.000328,3.3000000000000003e-05
0.00012300000000000001,0.00034850000000000001,3.3000000000000003e-05
0.00012300000000000001,0.00036900000000000002,3.3000000000000003e-05
0.00012300000000000001,0.00038949999999999998,3.3000000000000003e-05
0.00012300000000000001,0.00040999999999999999,3.3000000000000003e-05
0.00012300000000000001,0.0004305,3.3000000000000003e-05
0.00012300000000000001,0.00045100000000000001,3.3000000000000003e-05
0.00012300000000000001,0.00047150000000000002,3.3000000000000003e-05
0.00018450000000000001,2.05e-05,3.3000000000000003e-05
0.00018450000000000001,4.1e-05,3.3000000000000003e-05
0.00018450000000000001,6.1500000000000004e-05,3.3000000000000003e-05
0.00018450000000000001,8.2000000000000001e-05,3.3000000000000003e-05
0.00018450000000000001,0.0001025,3.3000000000000003e-05
0.00018450000000000001,0.00012300000000000001,3.3000000000000003e-05
0.00018450000000000001,0.00014349999999999999,3.3000000000000003e-05
0.00018450000000000001,0.000164,3.3000000000000003e-05
0.00018450000000000001,0.00018450000000000001,3.3000000000000003e-05
0.00018450000000000001,0.000205,3.3000000000000003e-05
0.00018450000000000001,0.00022550000000000001,3.3000000000000003e-05
0.00018450000000000001,0.00024600000000000002,3.3000000000000003e-05
0.00018450000000000001,0.00026650000000000003,3.3000000000000003e-05
0.00018450000000000001,0.00028699999999999998,3.3000000000000003e-05
0.00018450000000000001,0.00030749999999999999,3.3000000000000003e-05
0.00018450000000000001,0.000328,3.3000000000000003e-05
0.00018450000000000001,0.00034850000000000001,3.3000000000000003e-05
0.00018450000000000001,0.00036900000000000002,3.3000000000000003e-05
0.00018450000000000001,0.00038949999999999998,3.3000000000000003e-05
0.00018450000000000001,0.00040999999999999999,3.3000000000000003e-05
0.00018450000000000001,0.0004305,3.3000000000000003e-05
0.00018450000000000001,0.00045100000000000001,3.3000000000000003e-05
0.00018450000000000001,0.00047150000000000002,3.3000000000000003e-05
0.00024600000000000002,2.05e-05,3.3000000000000003e-05
0.00024600000000000002,4.1e-05,3.3000000000000003e-05
0.00024600000000000002,6.1500000000000004e-05,3.3000000000000003e-05
0.00024600000000000002,8.2000000000000001e-05,3.3000000000000003e-05
0.00024600000000000002,0.0001025,3.3000000000000003e-05
0.00024600000000000002,0.00012300000000000001,3.3000000000000003e-05
0.00024600000000000002,0.00014349999999999999,3.3000000000000003e-05
0.00024600000000000002,0.000164,3.3000000000000003e-05
0.00024600000000000002,0.00018450000000000001,3.3000000000000003e-05
0.00024600000000000002,0.000205,3.3000000000000003e-05
0.00024600000000000002,0.00022550000000000001,3.3000000000000003e-05
0.00024600000000000002,0.00024600000000000002,3.3000000000000003e-05
0.00024600000000000002,0.00026650000000000003,3.3000000000000003e-05
0.00024600000000000002,0.00028699999999999998,3.3000000000000003e-05
0.00024600000000000002,0.00030749999999999999,3.3000000000000003e-05
0.00024600000000000002,0.000328,3.3000000000000003e-05
0.00024600000000000002,0.00034850000000000001,3.3000000000000003e-05
0.00024600000000000002,0.00036900000000000002,3.3000000000000003e-05
0.00024600000000000002,0.00038949999999999998,3.3000000000000003e-05
0.00024600000000000002,0.00040999999999999999,3.3000000000000003e-05
0.00024600000000000002,0.0004305,3.3000000000000003e-05
0.00024600000000000002,0.00045100000000000001,3.3000000000000003e-05
0.00024600000000000002,0.00047150000000000002,3.3000000000000003e-05
0.00030749999999999999,2.05e-05,3.3000000000000003e-05
0.00030749999999999999,4.1e-05,3.3000000000000003e-05
0.00030749999999999999,6.1500000000000004e-05,3.3000000000000003e-05
0.00030749999999999999,8.2000000000000001e-05,3.3000000000000003e-05
0.00030749999999999999,0.0001025,3.3000000000000003e-05
0.00030749999999999999,0.00012300000000000001,3.3000000000000003e-05
0.00030749999999999999,0.00014349999999999999,3.3000000000000003e-05
0.00030749999999999999,0.000164,3.3000000000000003e-05
0.00030749999999999999,0.00018450000000000001,3.3000000000000003e-05
0.00030749999999999999,0.000205,3.3000000000000003e-05
0.00030749999999999999,0.00022550000000000001,3.3000000000000003e-05
0.00030749999999999999,0.00024600000000000002,3.3000000000000003e-05
0.00030749999999999999,0.00026650000000000003,3.3000000000000003e-05
0.00030749999999999999,0.00028699999999999998,3.3000000000000003e-05
0.00030749999999999999,0.00030749999999999999,3.3000000000000003e-05
0.00030749999999999999,0.000328,3.3000000000000003e-05
0.00030749999999999999,0.00034850000000000001,3.3000000000000003e-05
0.00030749999999999999,0.00036900000000000002,3.3000000000000003e-05
0.00030749999999999999,0.00038949999999999998,3.3000000000000003e-05
0.00030749999999999999,0.00040999999999999999,3.3000000000000003e-05
0.00030749999999999999,0.0004305,3.3000000000000003e-05
0.00030749999999999999,0.00045100000000000001,3.3000000000000003e-05
0.00030749999999999999,0.00047150000000000002,3.3000000000000003e-05
0.00036900000000000002,2.05e-05,3.3000000000000003e-05
0.00036900000000000002,4.1e-05,3.3000000000000003e-05
0.00036900000000000002,6.1500000000000004e-05,3.3000000000000003e-05
0.00036900000000000002,8.2000000000000001e-05,3.3000000000000003e-05
0.00036900000000000002,0.0001025,3.3000000000000003e-05
0.00036900000000000002,0.00012300000000000001,3.3000000000000003e-05
0.00036900000000000002,0.00014349999999999999,3.3000000000000003e-05
0.00036900000000000002,0.000164,3.3000000000000003e-05
0.00036900000000000002,0.00018450000000000001,3.3000000000000003e-05
0.00036900000000000002,0.000205,3.3000000000000003e-05
0.00036900000000000002,0.00022550000000000001,3.3000000000000003e-05
0.00036900000000000002,0.00024600000000000002,3.3000000000000003e-05
0.00036900000000000002,0.00026650000000000003,3.3000000000000003e-05
0.00036900000000000002,0.00028699999999999998,3.3000000000000003e-05
0.00036900000000000002,0.00030749999999999999,3.3000000000000003e-05
0.00036900000000000002,0.000328,3.3000000000000003e-05
0.00036900000000000002,0.00034850000000000001,3.3000000000000003e-05
0.00036900000000000002,0.00036900000000000002,3.3000000000000003e-05
0.00036900000000000002,0.00038949999999999998,3.3000000000000003e-05
0.00036900000000000002,0.00040999999999999999,3.3000000000000003e-05
0.00036900000000000002,0.0004305,3.3000000000000003e-05
0.00036900000000000002,0.00045100000000000001,3.3000000000000003e-05
0.00036900000000000002,0.00047150000000000002,3.3000000000000003e-05
0.0004305,2.05e-05,3.3000000000000003e-05
0.0004305,4.1e-05,3.3000000000000003e-05
0.0004305,6.1500000000000004e-05,3.3000000000000003e-05
0.0004305,8.2000000000000001e-05,3.3000000000000003e-05
0.0004305,0.0001025,3.3000000000000003e-05
0.0004305,0.00012300000000000001,3.3000000000000003e-05
0.0004305,0.00014349999999999999,3.3000000000000003e-05
0.0004305,0.000164,3.3000000000000003e-05
0.0004305,0.00018450000000000001,3.3000000000000003e-05
0.0004305,0.000205,3.3000000000000003e-05
0.0004305,0.00022550000000000001,3.3000000000000003e-05
0.0004305,0.00024600000000000002,3.3000000000000003e-05
0.0004305,0.00026650000000000003,3.3000000000000003e-05
0.0004305,0.00028699999999999998,3.3000000000000003e-05
0.0004305,0.00030749999999999999,3.3000000000000003e-05
0.0004305,0.000328,3.3000000000000003e-05
0.0004305,0.00034850000000000001,3.3000000000000003e-05
0.0004305,0.00036900000000000002,3.3000000000000003e-05
0.0004305,0.00038949999999999998,3.3000000000000003e-05
0.0004305,0.00040999999999999999,3.3000000000000003e-05
0.0004305,0.0004305,3.3000000000000003e-05
0.0004305,0.00045100000000000001,3.3000000000000003e-05
0.0004305,0.00047150000000000002,3.3000000000000003e-05
0.00049200000000000003,2.05e-05,3.3000000000000003e-05
0.00049200000000000003,4.1e-05,3.3000000000000003e-05
0.00049200000000000003,6.1500000000000004e-05,3.3000000000000003e-05
0.00049200000000000003,8.2000000000000001e-05,3.3000000000000003e-05
0.00049200000000000003,0.0001025,3.3000000000000003e-05
0.00049200000000000003,0.00012300000000000001,3.3000000000000003e-05
0.00049200000000000003,0.00014349999999999999,3.3000000000000003e-05
0.00049200000000000003,0.000164,3.3000000000000003e-05
0.00049200000000000003,0.00018450000000000001,3.3000000000000003e-05
0.00049200000000000003,0.000205,3.3000000000000003e-05
0.00049200000000000003,0.00022550000000000001,3.3000000000000003e-05
0.00049200000000000003,0.00024600000000000002,3.3000000000000003e-05
0.00049200000000000003,0.00026650000000000003,3.3000000000000003e-05
0.00049200000000000003,0.00028699999999999998,3.3000000000000003e-05
0.00049200000000000003,0.00030749999999999999,3.3000000000000003e-05
0.00049200000000000003,0.000328,3.3000000000000003e-05
0.00049200000000000003,0.00034850000000000001,3.3000000000000003e-05
0.00049200000000000003,0.00036900000000000002,3.3000000000000003e-05
0.00049200000000000003,0.00038949999999999998,3.3000000000000003e-05
0.00049200000000000003,0.00040999999999999999,3.3000000000000003e-05
0.00049200000000000003,0.0004305,3.3000000000000003e-05
0.00049200000000000003,0.00045100000000000001,3.3000000000000003e-05
0.00049200000000000003,0.00047150000000000002,3.3000000000000003e-05
0.00055349999999999996,2.05e-05,3.3000000000000003e-05
0.00055349999999999996,4.1e-05,3.3000000000000003e-05
0.00055349999999999996,6.1500000000000004e-05,3.3000000000000003e-05
0.00055349999999999996,8.2000000000000001e-05,3.3000000000000003e-05
0.00055349999999999996,0.0001025,3.3000000000000003e-05
0.00055349999999999996,0.00012300000000000001,3.3000000000000003e-05
0.00055349999999999996,0.00014349999999999999,3.3000000000000003e-05
0.00055349999999999996,0.000164,3.3000000000000003e-05
0.00055349999999999996,0.00018450000000000001,3.3000000000000003e-05
0.00055349999999999996,0.000205,3.3000000000000003e-05
0.00055349999999999996,0.00022550000000000001,3.3000000000000003e-05
0.00055349999999999996,0.00024600000000000002,3.3000000000000003e-05
0.00055349999999999996,0.00026650000000000003,3.3000000000000003e-05
0.00055349999999999996,0.00028699999999999998,3.3000000000000003e-05
0.00055349999999999996,0.00030749999999999999,3.3000000000000003e-05
0.00055349999999999996,0.000328,3.3000000000000003e-05
0.00055349999999999996,0.00034850000000000001,3.3000000000000003e-05
0.00055349999999999996,0.00036900000000000002,3.3000000000000003e-05
0.00055349999999999996,0.00038949999999999998,3.3000000000000003e-05
0.00055349999999999996,0.00040999999999999999,3.3000000000000003e-05
0.00055349999999999996,0.0004305,3.3000000000000003e-05
0.00055349999999999996,0.00045100000000000001,3.3000000000000003e-05
0.00055349999999999996,0.00047150000000000002,3.3000000000000003e-05
0.00061499999999999999,2.05e-05,3.3000000000000003e-05
0.00061499999999999999,4.1e-05,3.3000000000000003e-05
0.00061499999999999999,6.1500000000000004e-05,3.3000000000000003e-05
0.00061499999999999999,8.2000000000000001e-05,3.3000000000000003e-05
0.00061499999999999999,0.0001025,3.3000000000000003e-05
0.00061499999999999999,0.00012300000000000001,3.3000000000000003e-05
0.00061499999999999999,0.00014349999999999999,3.3000000000000003e-05
0.00061499999999999999,0.000164,3.3000000000000003e-05
0.00061499999999999999,0.00018450000000000001,3.3000000000000003e-05
0.00061499999999999999,0.000205,3.3000000000000003e-05
0.00061499999999999999,0.00022550000000000001,3.3000000000000003e-05
0.00061499999999999999,0.00024600000000000002,3.3000000000000003e-05
0.00061499999999999999,0.00026650000000000003,3.3000000000000003e-05
0.00061499999999999999,0.00028699999999999998,3.3000000000000003e-05
0.00061499999999999999,0.00030749999999999999,3.3000000000000003e-05
0.00061499999999999999,0.000328,3.3000000000000003e-05
0.00061499999999999999,0.00034850000000000001,3.3000000000000003e-05
0.00061499999999999999,0.00036900000000000002,3.3000000000000003e-05
0.00061499999999999999,0.00038949999999999998,3.3000000000000003e-05
0.00061499999999999999,0.00040999999999999999,3.3000000000000003e-05
0.00061499999999999999,0.0004305,3.3000000000000003e-05
0.00061499999999999999,0.00045100000000000001,3.3000000000000003e-05
0.00061499999999999999,0.00047150000000000002,3.3000000000000003e-05
0.00067650000000000002,2.05e-05,3.3000000000000003e-05
0.00067650000000000002,4.1e-05,3.3000000000000003e-05
0.00067650000000000002,6.1500000000000004e-05,3.3000000000000003e-05
0.00067650000000000002,8.2000000000000001e-05,3.3000000000000003e-05
0.00067650000000000002,0.0001025,3.3000000000000003e-05
0.00067650000000000002,0.00012300000000000001,3.3000000000000003e-05
0.00067650000000000002,0.00014349999999999999,3.3000000000000003e-05
0.00067650000000000002,0.000164,3.3000000000000003e-05
0.00067650000000000002,0.00018450000000000001,3.3000000000000003e-05
0.00067650000000000002,0.000205,3.3000000000000003e-05
0.00067650000000000002,0.00022550000000000001,3.3000000000000003e-05
0.00067650000000000002,0.00024600000000000002,3.3000000000000003e-05
0.00067650000000000002,0.00026650000000000003,3.3000000000000003e-05
0.00067650000000000002,0.00028699999999999998,3.3000000000000003e-05
0.00067650000000000002,0.00030749999999999999,3.3000000000000003e-05
0.00067650000000000002,0.000328,3.3000000000000003e-05
0.00067650000000000002,0.00034850000000000001,3.3000000000000003e-05
0.00067650000000000002,0.00036900000000000002,3.3000000000000003e-05
0.00067650000000000002,0.00038949999999999998,3.3000000000000003e-05
0.00067650000000000002,0.00040999999999999999,3.3000000000000003e-05
0.00067650000000000002,0.0004305,3.3000000000000003e-05
0.00067650000000000002,0.00045100000000000001,3.3000000000000003e-05
0.00067650000000000002,0.00047150000000000002,3.3000000000000003e-05
0.00073800000000000005,2.05e-05,3.3000000000000003e-05
0.00073800000000000005,4.1e-05,3.3000000000000003e-05
0.00073800000000000005,6.1500000000000004e-05,3.3000000000000003e-05
0.00073800000000000005,8.2000000000000001e-05,3.3000000000000003e-05
0.00073800000000000005,0.0001025,3.3000000000000003e-05
0.00073800000000000005,0.00012300000000000001,3.3000000000000003e-05
0.00073800000000000005,0.00014349999999999999,3.3000000000000003e-05
0.00073800000000000005,0.000164,3.3000000000000003e-05
0.00073800000000000005,0.00018450000000000001,3.3000000000000003e-05
0.00073800000000000005,0.000205,3.3000000000000003e-05
0.00073800000000000005,0.00022550000000000001,3.3000000000000003e-05
0.00073800000000000005,0.00024600000000000002,3.3000000000000003e-05
0.00073800000000000005,0.00026650000000000003,3.3000000000000003e-05
0.00073800000000000005,0.00028699999999999998,3.3000000000000003e-05
0.00073800000000000005,0.00030749999999999999,3.3000000000000003e-05
0.00073800000000000005,0.000328,3.3000000000000003e-05
0.00073800000000000005,0.00034850000000000001,3.3000000000000003e-05
0.00073800000000000005,0.00036900000000000002,3.3000000000000003e-05
0.00073800000000000005,0.00038949999999999998,3.3000000000000003e-05
0.00073800000000000005,0.00040999999999999999,3.3000000000000003e-05
0.00073800000000000005,0.0004305,3.3000000000000003e-05
0.00073800000000000005,0.00045100000000000001,3.3000000000000003e-05
0.00073800000000000005,0.00047150000000000002,3.3000000000000003e-05
0.00079949999999999997,2.05e-05,3.3000000000000003e-05
0.00079949999999999997,4.1e-05,3.3000000000000003e-05
0.00079949999999999997,6.1500000000000004e-05,3.3000000000000003e-05
0.00079949999999999997,8.2000000000000001e-05,3.3000000000000003e-05
0.00079949999999999997,0.0001025,3.3000000000000003e-05
0.00079949999999999997,0.00012300000000000001,3.3000000000000003e-05
0.00079949999999999997,0.00014349999999999999,3.3000000000000003e-05
0.00079949999999999997,0.000164,3.3000000000000003e-05
0.00079949999999999997,0.00018450000000000001,3.3000000000000003e-05
0.00079949999999999997,0.000205,3.3000000000000003e-05
0.00079949999999999997,0.00022550000000000001,3.3000000000000003e-05
0.00079949999999999997,0.00024600000000000002,3.3000000000000003e-05
0.00079949999999999997,0.00026650000000000003,3.3000000000000003e-05
0.00079949999999999997,0.00028699999999999998,3.3000000000000003e-05
0.00079949999999999997,0.00030749999999999999,3.3000000000000003e-05
0.00079949999999999997,0.000328,3.3000000000000003e-05
0.00079949999999999997,0.00034850000000000001,3.3000000000000003e-05
0.00079949999999999997,0.00036900000000000002,3.3000000000000003e-05
0.00079949999999999997,0.00038949999999999998,3.3000000000000003e-05
0.00079949999999999997,0.00040999999999999999,3.3000000000000003e-05
0.00079949999999999997,0.0004305,3.3000000000000003e-05
0.00079949999999999997,0.00045100000000000001,3.3000000000000003e-05
0.00079949999999999997,0.00047150000000000002,3.3000000000000003e-05
0.000861,2.05e-05,3.3000000000000003e-05
0.000861,4.1e-05,3.3000000000000003e-05
0.000861,6.1500000000000004e-05,3.3000000000000003e-05
0.000861,8.2000000000000001e-05,3.3000000000000003e-05
0.000861,0.0001025,3.3000000000000003e-05
0.000861,0.00012300000000000001,3.3000000000000003e-05
0.000861,0.00014349999999999999,3.3000000000000003e-05
0.000861,0.000164,3.3000000000000003e-05
0.000861,0.00018450000000000001,3.3000000000000003e-05
0.000861,0.000205,3.3000000000000003e-05
0.000861,0.00022550000000000001,3.3000000000000003e-05
0.000861,0.00024600000000000002,3.3000000000000003e-05
0.000861,0.00026650000000000003,3.3000000000000003e-05
0.000861,0.00028699999999999998,3.3000000000000003e-05
0.000861,0.00030749999999999999,3.3000000000000003e-05
0.000861,0.000328,3.3000000000000003e-05
0.000861,0.00034850000000000001,3.3000000000000003e-05
0.000861,0.00036900000000000002,3.3000000000000003e-05
0.000861,0.00038949999999999998,3.3000000000000003e-05
0.000861,0.00040999999999999999,3.3000000000000003e-05
0.000861,0.0004305,3.3000000000000003e-05
0.000861,0.00045100000000000001,3.3000000000000003e-05
0.000861,0.00047150000000000002,3.3000000000000003e-05
0.00092250000000000003,2.05e-05,3.3000000000000003e-05
0.00092250000000000003,4.1e-05,3.3000000000000003e-05
0.00092250000000000003,6.1500000000000004e-05,3.3000000000000003e-05
0.00092250000000000003,8.2000000000000001e-05,3.3000000000000003e-05
0.00092250000000000003,0.0001025,3.3000000000000003e-05
0.00092250000000000003,0.00012300000000000001,3.3000000000000003e-05
0.00092250000000000003,0.00014349999999999999,3.3000000000000003e-05
0.00092250000000000003,0.000164,3.3000000000000003e-05
0.00092250000000000003,0.00018450000000000001,3.3000000000000003e-05
0.00092250000000000003,0.000205,3.3000000000000003e-05
0.00092250000000000003,0.00022550000000000001,3.3000000000000003e-05
0.00092250000000000003,0.00024600000000000002,3.3000000000000003e-05
0.00092250000000000003,0.00026650000000000003,3.3000000000000003e-05
0.00092250000000000003,0.00028699999999999998,3.3000000000000003e-05
0.00092250000000000003,0.00030749999999999999,3.3000000000000003e-05
0.00092250000000000003,0.000328,3.3000000000000003e-05
0.00092250000000000003,0.00034850000000000001,3.3000000000000003e-05
0.00092250000000000003,0.00036900000000000002,3.3000000000000003e-05
0.00092250000000000003,0.00038949999999999998,3.3000000000000003e-05
0.00092250000000000003,0.00040999999999999999,3.3000000000000003e-05
0.00092250000000000003,0.0004305,3.3000000000000003e-05
0.00092250000000000003,0.00045100000000000001,3.3000000000000003e-05
0.00092250000000000003,0.00047150000000000002,3.3000000000000003e-05
0.00098400000000000007,2.05e-05,3.3000000000000003e-05
0.00098400000000000007,4.1e-05,3.3000000000000003e-05
0.00098400000000000007,6.1500000000000004e-05,3.3000000000000003e-05
0.00098400000000000007,8.2000000000000001e-05,3.3000000000000003e-05
0.00098400000000000007,0.0001025,3.3000000000000003e-05
0.00098400000000000007,0.00012300000000000001,3.3000000000000003e-05
0.00098400000000000007,0.00014349999999999999,3.3000000000000003e-05
0.00098400000000000007,0.000164,3.3000000000000003e-05
0.00098400000000000007,0.00018450000000000001,3.3000000000000003e-05
0.00098400000000000007,0.000205,3.3000000000000003e-05
0.00098400000000000007,0.00022550000000000001,3.3000000000000003e-05
0.00098400000000000007,0.00024600000000000002,3.3000000000000003e-05
0.00098400000000000007,0.00026650000000000003,3.3000000000000003e-05
0.00098400000000000007,0.00028699999999999998,3.3000000000000003e-05
0.00098400000000000007,0.00030749999999999999,3.3000000000000003e-05
0.00098400000000000007,0.000328,3.3000000000000003e-05
0.00098400000000000007,0.00034850000000000001,3.3000000000000003e-05
0.00098400000000000007,0.00036900000000000002,3.3000000000000003e-05
0.00098400000000000007,0.00038949999999999998,3.3000000000000003e-05
0.00098400000000000007,0.00040999999999999999,3.3000000000000003e-05
0.00098400000000000007,0.0004305,3.3000000000000003e-05
0.00098400000000000007,0.00045100000000000001,3.3000000000000003e-05
0.00098400000000000007,0.00047150000000000002,3.3000000000000003e-05
0.0010455,2.05e-05,3.3000000000000003e-05
0.0010455,4.1e-05,3.3000000000000003e-05
0.0010455,6.1500000000000004e-05,3.3000000000000003e-05
0.0010455,8.2000000000000001e-05,3.3000000000000003e-05
0.0010455,0.0001025,3.3000000000000003e-05
0.0010455,0.00012300000000000001,3.3000000000000003e-05
0.0010455,0.00014349999999999999,3.3000000000000003e-05
0.0010455,0.000164,3.3000000000000003e-05
0.0010455,0.00018450000000000001,3.3000000000000003e-05
0.0010455,0.000205,3.3000000000000003e-05
0.0010455,0.00022550000000000001,3.3000000000000003e-05
0.0010455,0.00024600000000000002,3.3000000000000003e-05
0.0010455,0.00026650000000000003,3.3000000000000003e-05
0.0010455,0.00028699999999999998,3.3000000000000003e-05
0.0010455,0.00030749999999999999,3.3000000000000003e-05
0.0010455,0.000328,3.3000000000000003e-05
0.0010455,0.00034850000000000001,3.3000000000000003e-05
0.0010455,0.00036900000000000002,3.3000000000000003e-05
0.0010455,0.00038949999999999998,3.3000000000000003e-05
0.0010455,0.00040999999999999999,3.3000000000000003e-05
0.0010455,0.0004305,3.3000000000000003e-05
0.0010455,0.00045100000000000001,3.3000000000000003e-05
0.0010455,0.00047150000000000002,3.3000000000000003e-05
0.0011069999999999999,2.05e-05,3.3000000000000003e-05
0.0011069999999999999,4.1e-05,3.3000000000000003e-05
0.0011069999999999999,6.1500000000000004e-05,3.3000000000000003e-05
0.0011069999999999999,8.2000000000000001e-05,3.3000000000000003e-05
0.0011069999999999999,0.0001025,3.3000000000000003e-05
0.0011069999999999999,0.00012300000000000001,3.3000000000000003e-05
0.0011069999999999999,0.00014349999999999999,3.3000000000000003e-05
0.0011069999999999999,0.000164,3.3000000000000003e-05
0.0011069999999999999,0.00018450000000000001,3.3000000000000003e-05
0.0011069999999999999,0.000205,3.3000000000000003e-05
0.0011069999999999999,0.00022550000000000001,3.3000000000000003e-05
0.0011069999999999999,0.00024600000000000002,3.3000000000000003e-05
0.0011069999999999999,0.00026650000000000003,3.3000000000000003e-05
0.0011069999999999999,0.00028699999999999998,3.3000000000000003e-05
0.0011069999999999999,0.00030749999999999999,3.3000000000000003e-05
0.0011069999999999999,0.000328,3.3000000000000003e-05
0.0011069999999999999,0.00034850000000000001,3.3000000000000003e-05
0.0011069999999999999,0.00036900000000000002,3.3000000000000003e-05
0.0011069999999999999,0.00038949999999999998,3.3000000000000003e-05
0.0011069999999999999,0.00040999999999999999,3.3000000000000003e-05
0.0011069999999999999,0.0004305,3.3000000000000003e-05
0.0011069999999999999,0.00045100000000000001,3.3000000000000003e-05
0.0011069999999999999,0.00047150000000000002,3.3000000000000003e-05
0.0011685000000000001,2.05e-05,3.3000000000000003e-05
0.0011685000000000001,4.1e-05,3.3000000000000003e-05
0.0011685000000000001,6.1500000000000004e-05,3.3000000000000003e-05
0.0011685000000000001,8.2000000000000001e-05,3.3000000000000003e-05
0.0011685000000000001,0.0001025,3.3000000000000003e-05
0.0011685000000000001,0.00012300000000000001,3.3000000000000003e-05
0.0011685000000000001,0.00014349999999999999,3.3000000000000003e-05
0.0011685000000000001,0.000164,3.3000000000000003e-05
0.0011685000000000001,0.00018450000000000001,3.3000000000000003e-05
0.0011685000000000001,0.000205,3.3000000000000003e-05
0.0011685000000000001,0.00022550000000000001,3.3000000000000003e-05
0.0011685000000000001,0.00024600000000000002,3.3000000000000003e-05
0.0011685000000000001,0.00026650000000000003,3.3000000000000003e-05
0.0011685000000000001,0.00028699999999999998,3.3000000000000003e-05
0.0011685000000000001,0.00030749999999999999,3.3000000000000003e-05
0.0011685000000000001,0.000328,3.3000000000000003e-05
0.0011685000000000001,0.00034850000000000001,3.3000000000000003e-05
0.0011685000000000001,0.00036900000000000002,3.3000000000000003e-05
0.0011685000000000001,0.00038949999999999998,3.3000000000000003e-05
0.0011685000000000001,0.00040999999999999999,3.3000000000000003e-05
0.0011685000000000001,0.0004305,3.3000000000000003e-05
0.0011685000000000001,0.00045100000000000001,3.3000000000000003e-05
0.0011685000000000001,0.00047150000000000002,3.3000000000000003e-05
0.00123,2.05e-05,3.3000000000000003e-05
0.00123,4.1e-05,3.3000000000000003e-05
0.00123,6.1500000000000004e-05,3.3000000000000003e-05
0.00123,8.2000000000000001e-05,3.3000000000000003e-05
0.00123,0.0001025,3.3000000000000003e-05
0.00123,0.00012300000000000001,3.3000000000000003e-05
0.00123,0.00014349999999999999,3.3000000000000003e-05
0.00123,0.000164,3.3000000000000003e-05
0.00123,0.00018450000000000001,3.3000000000000003e-05
0.00123,0.000205,3.3000000000000003e-05
0.00123,0.00022550000000000001,3.3000000000000003e-05
0.00123,0.00024600000000000002,3.3000000000000003e-05
0.00123,0.00026650000000000003,3.3000000000000003e-05
0.00123,0.00028699999999999998,3.3000000000000003e-05
0.00123,0.00030749999999999999,3.3000000000000003e-05
0.00123,0.000328,3.3000000000000003e-05
0.00123,0.00034850000000000001,3.3000000000000003e-05
0.00123,0.00036900000000000002,3.3000000000000003e-05
0.00123,0.00038949999999999998,3.3000000000000003e-05
0.00123,0.00040999999999999999,3.3000000000000003e-05
0.00123,0.0004305,3.3000000000000003e-05
0.00123,0.00045100000000000001,3.3000000000000003e-05
0.00123,0.00047150000000000002,3.3000000000000003e-05
0.0012914999999999999,2.05e-05,3.3000000000000003e-05
0.0012914999999999999,4.1e-05,3.3000000000000003e-05
0.0012914999999999999,6.1500000000000004e-05,3.3000000000000003e-05
0.0012914999999999999,8.2000000000000001e-05,3.3000000000000003e-05
0.0012914999999999999,0.0001025,3.3000000000000003e-05
0.0012914999999999999,0.00012300000000000001,3.3000000000000003e-05
0.0012914999999999999,0.00014349999999999999,3.3000000000000003e-05
0.0012914999999999999,0.000164,3.3000000000000003e-05
0.0012914999999999999,0.00018450000000000001,3.3000000000000003e-05
0.0012914999999999999,0.000205,3.3000000000000003e-05
0.0012914999999999999,0.00022550000000000001,3.3000000000000003e-05
0.0012914999999999999,0.00024600000000000002,3.3000000000000003e-05
0.0012914999999999999,0.00026650000000000003,3.3000000000000003e-05
0.0012914999999999999,0.00028699999999999998,3.3000000000000003e-05
0.0012914999999999999,0.00030749999999999999,3.3000000000000003e-05
0.0012914999999999999,0.000328,3.3000000000000003e-05
0.0012914999999999999,0.00034850000000000001,3.3000000000000003e-05
0.0012914999999999999,0.00036900000000000002,3.3000000000000003e-05
0.0012914999999999999,0.00038949999999999998,3.3000000000000003e-05
0.0012914999999999999,0.00040999999999999999,3.3000000000000003e-05
0.0012914999999999999,0.0004305,3.3000000000000003e-05
0.0012914999999999999,0.00045100000000000001,3.3000000000000003e-05
0.0012914999999999999,0.00047150000000000002,3.3000000000000003e-05
0.001353,2.05e-05,3.3000000000000003e-05
0.001353,4.1e-05,3.3000000000000003e-05
0.001353,6.1500000000000004e-05,3.3000000000000003e-05
0.001353,8.2000000000000001e-05,3.3000000000000003e-05
0.001353,0.0001025,3.3000000000000003e-05
0.001353,0.00012300000000000001,3.3000000000000003e-05
0.001353,0.00014349999999999999,3.3000000000000003e-05
0.001353,0.000164,3.3000000000000003e-05
0.001353,0.00018450000000000001,3.3000000000000003e-05
0.001353,0.000205,3.3000000000000003e-05
0.001353,0.00022550000000000001,3.3000000000000003e-05
0.001353,0.00024600000000000002,3.3000000000000003e-05
0.001353,0.00026650000000000003,3.3000000000000003e-05
0.001353,0.00028699999999999998,3.3000000000000003e-05
0.001353,0.00030749999999999999,3.3000000000000003e-05
0.001353,0.000328,3.3000000000000003e-05
0.001353,0.00034850000000000001,3.3000000000000003e-05
0.001353,0.00036900000000000002,3.3000000000000003e-05
0.001353,0.00038949999999999998,3.3000000000000003e-05
0.001353,0.00040999999999999999,3.3000000000000003e-05
0.001353,0.0004305,3.3000000000000003e-05
0.001353,0.00045100000000000001,3.3000000000000003e-05
0.001353,0.00047150000000000002,3.3000000000000003e-05
0.0014145,2.05e-05,3.3000000000000003e-05
0.0014145,4.1e-05,3.3000000000000003e-05
0.0014145,6.1500000000000004e-05,3.3000000000000003e-05
0.0014145,8.2000000000000001e-05,3.3000000000000003e-05
0.0014145,0.0001025,3.3000000000000003e-05
0.0014145,0.00012300000000000001,3.3000000000000003e-05
0.0014145,0.00014349999999999999,3.3000000000000003e-05
0.0014145,0.000164,3.3000000000000003e-05
0.0014145,0.00018450000000000001,3.3000000000000003e-05
0.0014145,0.000205,3.3000000000000003e-05
0.0014145,0.00022550000000000001,3.3000000000000003e-05
0.0014145,0.00024600000000000002,3.3000000000000003e-05
0.0014145,0.00026650000000000003,3.3000000000000003e-05
0.0014145,0.00028699999999999998,3.3000000000000003e-05
0.0014145,0.00030749999999999999,3.3000000000000003e-05
0.0014145,0.000328,3.3000000000000003e-05
0.0014145,0.00034850000000000001,3.3000000000000003e-05
0.0014145,0.00036900000000000002,3.3000000000000003e-05
0.0014145,0.00038949999999999998,3.3000000000000003e-05
0.0014145,0.00040999999999999999,3.3000000000000003e-05
0.0014145,0.0004305,3.3000000000000003e-05
0.0014145,0.00045100000000000001,3.3000000000000003e-05
0.0014145,0.00047150000000000002,3.3000000000000003e-05
0.0014760000000000001,2.05e-05,3.3000000000000003e-05
0.0014760000000000001,4.1e-05,3.3000000000000003e-05
0.0014760000000000001,6.1500000000000004e-05,3.3000000000000003e-05
0.0014760000000000001,8.2000000000000001e-05,3.3000000000000003e-05
0.0014760000000000001,0.0001025,3.3000000000000003e-05
0.0014760000000000001,0.00012300000000000001,3.3000000000000003e-05
0.0014760000000000001,0.00014349999999999999,3.3000000000000003e-05
0.0014760000000000001,0.000164,3.3000000000000003e-05
0.0014760000000000001,0.00018450000000000001,3.3000000000000003e-05
0.0014760000000000001,0.000205,3.3000000000000003e-05
0.0014760000000000001,0.00022550000000000001,3.3000000000000003e-05
0.0014760000000000001,0.00024600000000000002,3.3000000000000003e-05
0.0014760000000000001,0.00026650000000000003,3.3000000000000003e-05
0.0014760000000000001,0.00028699999999999998,3.3000000000000003e-05
0.0014760000000000001,0.00030749999999999999,3.3000000000000003e-05
0.0014760000000000001,0.000328,3.3000000000000003e-05
0.0014760000000000001,0.00034850000000000001,3.3000000000000003e-05
0.0014760000000000001,0.00036900000000000002,3.3000000000000003e-05
0.0014760000000000001,0.00038949999999999998,3.3000000000000003e-05
0.0014760000000000001,0.00040999999999999999,3.3000000000000003e-05
0.0014760000000000001,0.0004305,3.3000000000000003e-05
0.0014760000000000001,0.00045100000000000001,3.3000000000000003e-05
0.0014760000000000001,0.00047150000000000002,3.3000000000000003e-05
0.0015375,2.05e-05,3.3000000000000003e-05
0.0015375,4.1e-05,3.3000000000000003e-05
0.0015375,6.1500000000000004e-05,3.3000000000000003e-05
0.0015375,8.2000000000000001e-05,3.3000000000000003e-05
0.0015375,0.0001025,3.3000000000000003e-05
0.0015375,0.00012300000000000001,3.3000000000000003e-05
0.0015375,0.00014349999999999999,3.3000000000000003e-05
0.0015375,0.000164,3.3000000000000003e-05
0.0015375,0.00018450000000000001,3.3000000000000003e-05
0.0015375,0.000205,3.3000000000000003e-05
0.0015375,0.00022550000000000001,3.3000000000000003e-05
0.0015375,0.00024600000000000002,3.3000000000000003e-05
0.0015375,0.00026650000000000003,3.3000000000000003e-05
0.0015375,0.00028699999999999998,3.3000000000000003e-05
0.0015375,0.00030749999999999999,3.3000000000000003e-05
0.0015375,0.000328,3.3000000000000003e-05
0.0015375,0.00034850000000000001,3.3000000000000003e-05
0.0015375,0.00036900000000000002,3.3000000000000003e-05
0.0015375,0.00038949999999999998,3.3000000000000003e-05
0.0015375,0.00040999999999999999,3.3000000000000003e-05
0.0015375,0.0004305,3.3000000000000003e-05
0.0015375,0.00045100000000000001,3.3000000000000003e-05
0.0015375,0.00047150000000000002,3.3000000000000003e-05
0.0015989999999999999,2.05e-05,3.3000000000000003e-05
0.0015989999999999999,4.1e-05,3.3000000000000003e-05
0.0015989999999999999,6.1500000000000004e-05,3.3000000000000003e-05
0.0015989999999999999,8.2000000000000001e-05,3.3000000000000003e-05
0.0015989999999999999,0.0001025,3.3000000000000003e-05
0.0015989999999999999,0.00012300000000000001,3.3000000000000003e-05
0.0015989999999999999,0.00014349999999999999,3.3000000000000003e-05
0.0015989999999999999,0.000164,3.3000000000000003e-05
0.0015989999999999999,0.00018450000000000001,3.3000000000000003e-05
0.0015989999999999999,0.000205,3.3000000000000003e-05
0.0015989999999999999,0.00022550000000000001,3.3000000000000003e-05
0.0015989999999999999,0.00024600000000000002,3.3000000000000003e-05
0.0015989999999999999,0.00026650000000000003,3.3000000000000003e-05
0.0015989999999999999,0.00028699999999999998,3.3000000000000003e-05
0.0015989999999999999,0.00030749999999999999,3.3000000000000003e-05
0.0015989999999999999,0.000328,3.3000000000000003e-05
0.0015989999999999999,0.00034850000000000001,3.3000000000000003e-05
0.0015989999999999999,0.00036900000000000002,3.3000000000000003e-05
0.0015989999999999999,0.00038949999999999998,3.3000000000000003e-05
0.0015989999999999999,0.00040999999999999999,3.3000000000000003e-05
0.0015989999999999999,0.0004305,3.3000000000000003e-05
0.0015989999999999999,0.00045100000000000001,3.3000000000000003e-05
0.0015989999999999999,0.00047150000000000002,3.3000000000000003e-05
0.0016605000000000001,2.05e-05,3.3000000000000003e-05
0.0016605000000000001,4.1e-05,3.3000000000000003e-05
0.0016605000000000001,6.1500000000000004e-05,3.3000000000000003e-05
0.0016605000000000001,8.2000000000000001e-05,3.3000000000000003e-05
0.0016605000000000001,0.0001025,3.3000000000000003e-05
0.0016605000000000001,0.00012300000000000001,3.3000000000000003e-05
0.0016605000000000001,0.00014349999999999999,3.3000000000000003e-05
0.0016605000000000001,0.000164,3.3000000000000003e-05
0.0016605000000000001,0.00018450000000000001,3.3000000000000003e-05
0.0016605000000000001,0.000205,3.3000000000000003e-05
0.0016605000000000001,0.00022550000000000001,3.3000000000000003e-05
0.0016605000000000001,0.00024600000000000002,3.3000000000000003e-05
0.0016605000000000001,0.00026650000000000003,3.3000000000000003e-05
0.0016605000000000001,0.00028699999999999998,3.3000000000000003e-05
0.0016605000000000001,0.00030749999999999999,3.3000000000000003e-05
0.0016605000000000001,0.000328,3.3000000000000003e-05
0.0016605000000000001,0.00034850000000000001,3.3000000000000003e-05
0.0016605000000000001,0.00036900000000000002,3.3000000000000003e-05
0.0016605000000000001,0.00038949999999999998,3.3000000000000003e-05
0.0016605000000000001,0.00040999999999999999,3.3000000000000003e-05
0.0016605000000000001,0.0004305,3.3000000000000003e-05
0.0016605000000000001,0.00045100000000000001,3.3000000000000003e-05
0.0016605000000000001,0.00047150000000000002,3.3000000000000003e-05
0.001722,2.05e-05,3.3000000000000003e-05
0.001722,4.1e-05,3.3000000000000003e-05
0.001722,6.1500000000000004e-05,3.3000000000000003e-05
0.001722,8.2000000000000001e-05,3.3000000000000003e-05
0.001722,0.0001025,3.3000000000000003e-05
0.001722,0.00012300000000000001,3.3000000000000003e-05
0.001722,0.00014349999999999999,3.3000000000000003e-05
0.001722,0.000164,3.3000000000000003e-05
0.001722,0.00018450000000000001,3.3000000000000003e-05
0.001722,0.000205,3.3000000000000003e-05
0.001722,0.00022550000000000001,3.3000000000000003e-05
0.001722,0.00024600000000000002,3.3000000000000003e-05
0.001722,0.00026650000000000003,3.3000000000000003e-05
0.001722,0.00028699999999999998,3.3000000000000003e-05
0.001722,0.00030749999999999999,3.3000000000000003e-05
0.001722,0.000328,3.3000000000000003e-05
0.001722,0.00034850000000000001,3.3000000000000003e-05
0.001722,0.00036900000000000002,3.3000000000000003e-05
0.001722,0.00038949999999999998,3.3000000000000003e-05
0.001722,0.00040999999999999999,3.3000000000000003e-05
0.001722,0.0004305,3.3000000000000003e-05
0.001722,0.00045100000000000001,3.3000000000000003e-05
0.001722,0.00047150000000000002,3.3000000000000003e-05
0.0017834999999999999,2.05e-05,3.3000000000000003e-05
0.0017834999999999999,4.1e-05,3.3000000000000003e-05
0.0017834999999999999,6.1500000000000004e-05,3.3000000000000003e-05
0.0017834999999999999,8.2000000000000001e-05,3.3000000000000003e-05
0.0017834999999999999,0.0001025,3.3000000000000003e-05
0.0017834999999999999,0.00012300000000000001,3.3000000000000003e-05
0.0017834999999999999,0.00014349999999999999,3.3000000000000003e-05
0.0017834999999999999,0.000164,3.3000000000000003e-05
0.0017834999999999999,0.00018450000000000001,3.3000000000000003e-05
0.0017834999999999999,0.000205,3.3000000000000003e-05
0.0017834999999999999,0.00022550000000000001,3.3000000000000003e-05
0.0017834999999999999,0.00024600000000000002,3.3000000000000003e-05
0.0017834999999999999,0.00026650000000000003,3.3000000000000003e-05
0.0017834999999999999,0.00028699999999999998,3.3000000000000003e-05
0.0017834999999999999,0.00030749999999999999,3.3000000000000003e-05
0.0017834999999999999,0.000328,3.3000000000000003e-05
0.0017834999999999999,0.00034850000000000001,3.3000000000000003e-05
0.0017834999999999999,0.00036900000000000002,3.3000000000000003e-05
0.0017834999999999999,0.00038949999999999998,3.3000000000000003e-05
0.0017834999999999999,0.00040999999999999999,3.3000000000000003e-05
0.0017834999999999999,0.0004305,3.3000000000000003e-05
0.0017834999999999999,0.00045100000000000001,3.3000000000000003e-05
0.0017834999999999999,0.00047150000000000002,3.3000000000000003e-05
0.0018450000000000001,2.05e-05,3.3000000000000003e-05
0.0018450000000000001,4.1e-05,3.3000000000000003e-05
0.0018450000000000001,6.1500000000000004e-05,3.3000000000000003e-05
0.0018450000000000001,8.2000000000000001e-05,3.3000000000000003e-05
0.0018450000000000001,0.0001025,3.3000000000000003e-05
0.0018450000000000001,0.00012300000000000001,3.3000000000000003e-05
0.0018450000000000001,0.00014349999999999999,3.3000000000000003e-05
0.0018450000000000001,0.000164,3.3000000000000003e-05
0.0018450000000000001,0.00018450000000000001,3.3000000000000003e-05
0.0018450000000000001,0.000205,3.3000000000000003e-05
0.0018450000000000001,0.00022550000000000001,3.3000000000000003e-05
0.0018450000000000001,0.00024600000000000002,3.3000000000000003e-05
0.0018450000000000001,0.00026650000000000003,3.3000000000000003e-05
0.0018450000000000001,0.00028699999999999998,3.3000000000000003e-05
0.0018450000000000001,0.00030749999999999999,3.3000000000000003e-05
0.0018450000000000001,0.000328,3.3000000000000003e-05
0.0018450000000000001,0.00034850000000000001,3.3000000000000003e-05
0.0018450000000000001,0.00036900000000000002,3.3000000000000003e-05
0.0018450000000000001,0.00038949999999999998,3.3000000000000003e-05
0.0018450000000000001,0.00040999999999999999,3.3000000000000003e-05
0.0018450000000000001,0.0004305,3.3000000000000003e-05
0.0018450000000000001,0.00045100000000000001,3.3000000000000003e-05
0.0018450000000000001,0.00047150000000000002,3.3000000000000003e-05
0.0019065,2.05e-05,3.3000000000000003e-05
0.0019065,4.1e-05,3.3000000000000003e-05
0.0019065,6.1500000000000004e-05,3.3000000000000003e-05
0.0019065,8.2000000000000001e-05,3.3000000000000003e-05
0.0019065,0.0001025,3.3000000000000003e-05
0.0019065,0.00012300000000000001,3.3000000000000003e-05
0.0019065,0.00014349999999999999,3.3000000000000003e-05
0.0019065,0.000164,3.3000000000000003e-05
0.0019065,0.00018450000000000001,3.3000000000000003e-05
0.0019065,0.000205,3.3000000000000003e-05
0.0019065,0.00022550000000000001,3.3000000000000003e-05
0.0019065,0.00024600000000000002,3.3000000000000003e-05
0.0019065,0.00026650000000000003,3.3000000000000003e-05
0.0019065,0.00028699999999999998,3.3000000000000003e-05
0.0019065,0.00030749999999999999,3.3000000000000003e-05
0.0019065,0.000328,3.3000000000000003e-05
0.0019065,0.00034850000000000001,3.3000000000000003e-05
0.0019065,0.00036900000000000002,3.3000000000000003e-05
0.0019065,0.00038949999999999998,3.3000000000000003e-05
0.0019065,0.00040999999999999999,3.3000000000000003e-05
0.0019065,0.0004305,3.3000000000000003e-05
0.0019065,0.00045100000000000001,3.3000000000000003e-05
0.0019065,0.00047150000000000002,3.3000000000000003e-05
0.0019680000000000001,2.05e-05,3.3000000000000003e-05
0.0019680000000000001,4.1e-05,3.3000000000000003e-05
0.0019680000000000001,6.1500000000000004e-05,3.3000000000000003e-05
0.0019680000000000001,8.2000000000000001e-05,3.3000000000000003e-05
0.0019680000000000001,0.0001025,3.3000000000000003e-05
0.0019680000000000001,0.00012300000000000001,3.3000000000000003e-05
0.0019680000000000001,0.00014349999999999999,3.3000000000000003e-05
0.0019680000000000001,0.000164,3.3000000000000003e-05
0.0019680000000000001,0.00018450000000000001,3.3000000000000003e-05
0.0019680000000000001,0.000205,3.3000000000000003e-05
0.0019680000000000001,0.00022550000000000001,3.3000000000000003e-05
0.0019680000000000001,0.00024600000000000002,3.3000000000000003e-05
0.0019680000000000001,0.00026650000000000003,3.3000000000000003e-05
0.0019680000000000001,0.00028699999999999998,3.3000000000000003e-05
0.0019680000000000001,0.00030749999999999999,3.3000000000000003e-05
0.0019680000000000001,0.000328,3.3000000000000003e-05
0.0019680000000000001,0.00034850000000000001,3.3000000000000003e-05
0.0019680000000000001,0.00036900000000000002,3.3000000000000003e-05
0.0019680000000000001,0.00038949999999999998,3.3000000000000003e-05
0.0019680000000000001,0.00040999999999999999,3.3000000000000003e-05
0.0019680000000000001,0.0004305,3.3000000000000003e-05
0.0019680000000000001,0.00045100000000000001,3.3000000000000003e-05
0.0019680000000000001,0.00047150000000000002,3.3000000000000003e-05
0.0020295000000000001,2.05e-05,3.3000000000000003e-05
0.0020295000000000001,4.1e-05,3.3000000000000003e-05
0.0020295000000000001,6.1500000000000004e-05,3.3000000000000003e-05
0.0020295000000000001,8.2000000000000001e-05,3.3000000000000003e-05
0.0020295000000000001,0.0001025,3.3000000000000003e-05
0.0020295000000000001,0.00012300000000000001,3.3000000000000003e-05
0.0020295000000000001,0.00014349999999999999,3.3000000000000003e-05
0.0020295000000000001,0.000164,3.3000000000000003e-05
0.0020295000000000001,0.00018450000000000001,3.3000000000000003e-05
0.0020295000000000001,0.000205,3.3000000000000003e-05
0.0020295000000000001,0.00022550000000000001,3.3000000000000003e-05
0.0020295000000000001,0.00024600000000000002,3.3000000000000003e-05
0.0020295000000000001,0.00026650000000000003,3.3000000000000003e-05
0.0020295000000000001,0.00028699999999999998,3.3000000000000003e-05
0.0020295000000000001,0.00030749999999999999,3.3000000000000003e-05
0.0020295000000000001,0.000328,3.3000000000000003e-05
0.0020295000000000001,0.00034850000000000001,3.3000000000000003e-05
0.0020295000000000001,0.00036900000000000002,3.3000000000000003e-05
0.0020295000000000001,0.00038949999999999998,3.3000000000000003e-05
0.0020295000000000001,0.00040999999999999999,3.3000000000000003e-05
0.0020295000000000001,0.0004305,3.3000000000000003e-05
0.0020295000000000001,0.00045100000000000001,3.3000000000000003e-05
0.0020295000000000001,0.00047150000000000002,3.3000000000000003e-05
0.002091,2.05e-05,3.3000000000000003e-05
0.002091,4.1e-05,3.3000000000000003e-05
0.002091,6.1500000000000004e-05,3.3000000000000003e-05
0.002091,8.2000000000000001e-05,3.3000000000000003e-05
0.002091,0.0001025,3.3000000000000003e-05
0.002091,0.00012300000000000001,3.3000000000000003e-05
0.002091,0.00014349999999999999,3.3000000000000003e-05
0.002091,0.000164,3.3000000000000003e-05
0.002091,0.00018450000000000001,3.3000000000000003e-05
0.002091,0.000205,3.3000000000000003e-05
0.002091,0.00022550000000000001,3.3000000000000003e-05
0.002091,0.00024600000000000002,3.3000000000000003e-05
0.002091,0.00026650000000000003,3.3000000000000003e-05
0.002091,0.00028699999999999998,3.3000000000000003e-05
0.002091,0.00030749999999999999,3.3000000000000003e-05
0.002091,0.000328,3.3000000000000003e-05
0.002091,0.00034850000000000001,3.3000000000000003e-05
0.002091,0.00036900000000000002,3.3000000000000003e-05
0.002091,0.00038949999999999998,3.3000000000000003e-05
0.002091,0.00040999999999999999,3.3000000000000003e-05
0.002091,0.0004305,3.3000000000000003e-05
0.002091,0.00045100000000000001,3.3000000000000003e-05
0.002091,0.00047150000000000002,3.3000000000000003e-05
0.0021524999999999999,2.05e-05,3.3000000000000003e-05
0.0021524999999999999,4.1e-05,3.3000000000000003e-05
0.0021524999999999999,6.1500000000000004e-05,3.3000000000000003e-05
0.0021524999999999999,8.2000000000000001e-05,3.3000000000000003e-05
0.0021524999999999999,0.0001025,3.3000000000000003e-05
0.0021524999999999999,0.00012300000000000001,3.3000000000000003e-05
0.0021524999999999999,0.00014349999999999999,3.3000000000000003e-05
0.0021524999999999999,0.000164,3.3000000000000003e-05
0.0021524999999999999,0.00018450000000000001,3.3000000000000003e-05
0.0021524999999999999,0.000205,3.3000000000000003e-05
0.0021524999999999999,0.00022550000000000001,3.3000000000000003e-05
0.0021524999999999999,0.00024600000000000002,3.3000000000000003e-05
0.0021524999999999999,0.00026650000000000003,3.3000000000000003e-05
0.0021524999999999999,0.00028699999999999998,3.3000000000000003e-05
0.0021524999999999999,0.00030749999999999999,3.3000000000000003e-05
0.0021524999999999999,0.000328,3.3000000000000003e-05
0.0021524999999999999,0.00034850000000000001,3.3000000000000003e-05
0.0021524999999999999,0.00036900000000000002,3.3000000000000003e-05
0.0021524999999999999,0.00038949999999999998,3.3000000000000003e-05
0.0021524999999999999,0.00040999999999999999,3.3000000000000003e-05
0.0021524999999999999,0.0004305,3.3000000000000003e-05
0.0021524999999999999,0.00045100000000000001,3.3000000000000003e-05
0.0021524999999999999,0.00047150000000000002,3.3000000000000003e-05
0.0022139999999999998,2.05e-05,3.3000000000000003e-05
0.0022139999999999998,4.1e-05,3.3000000000000003e-05
0.0022139999999999998,6.1500000000000004e-05,3.3000000000000003e-05
0.0022139999999999998,8.2000000000000001e-05,3.3000000000000003e-05
0.0022139999999999998,0.0001025,3.3000000000000003e-05
0.0022139999999999998,0.00012300000000000001,3.3000000000000003e-05
0.0022139999999999998,0.00014349999999999999,3.3000000000000003e-05
0.0022139999999999998,0.000164,3.3000000000000003e-05
0.0022139999999999998,0.00018450000000000001,3.3000000000000003e-05
0.0022139999999999998,0.000205,3.3000000000000003e-05
0.0022139999999999998,0.00022550000000000001,3.3000000000000003e-05
0.0022139999999999998,0.00024600000000000002,3.3000000000000003e-05
0.0022139999999999998,0.00026650000000000003,3.3000000000000003e-05
0.0022139999999999998,0.00028699999999999998,3.3000000000000003e-05
0.0022139999999999998,0.00030749999999999999,3.3000000000000003e-05
0.0022139999999999998,0.000328,3.3000000000000003e-05
0.0022139999999999998,0.00034850000000000001,3.3000000000000003e-05
0.0022139999999999998,0.00036900000000000002,3.3000000000000003e-05
0.0022139999999999998,0.00038949999999999998,3.3000000000000003e-05
0.0022139999999999998,0.00040999999999999999,3.3000000000000003e-05
0.0022139999999999998,0.0004305,3.3000000000000003e-05
0.0022139999999999998,0.00045100000000000001,3.3000000000000003e-05
0.0022139999999999998,0.00047150000000000002,3.3000000000000003e-05
0.0022755000000000002,2.05e-05,3.3000000000000003e-05
0.0022755000000000002,4.1e-05,3.3000000000000003e-05
0.0022755000000000002,6.1500000000000004e-05,3.3000000000000003e-05
0.0022755000000000002,8.2000000000000001e-05,3.3000000000000003e-05
0.0022755000000000002,0.0001025,3.3000000000000003e-05
0.0022755000000000002,0.00012300000000000001,3.3000000000000003e-05
0.0022755000000000002,0.00014349999999999999,3.3000000000000003e-05
0.0022755000000000002,0.000164,3.3000000000000003e-05
0.0022755000000000002,0.00018450000000000001,3.3000000000000003e-05
0.0022755000000000002,0.000205,3.3000000000000003e-05
0.0022755000000000002,0.00022550000000000001,3.3000000000000003e-05
0.0022755000000000002,0.00024600000000000002,3.3000000000000003e-05
0.0022755000000000002,0.00026650000000000003,3.3000000000000003e-05
0.0022755000000000002,0.00028699999999999998,3.3000000000000003e-05
0.0022755000000000002,0.00030749999999999999,3.3000000000000003e-05
0.0022755000000000002,0.000328,3.3000000000000003e-05
0.0022755000000000002,0.00034850000000000001,3.3000000000000003e-05
0.0022755000000000002,0.00036900000000000002,3.3000000000000003e-05
0.0022755000000000002,0.00038949999999999998,3.3000000000000003e-05
0.0022755000000000002,0.00040999999999999999,3.3000000000000003e-05
0.0022755000000000002,0.0004305,3.3000000000000003e-05
0.0022755000000000002,0.00045100000000000001,3.3000000000000003e-05
0.0022755000000000002,0.00047150000000000002,3.3000000000000003e-05
0.0023370000000000001,2.05e-05,3.3000000000000003e-05
0.0023370000000000001,4.1e-05,3.3000000000000003e-05
0.0023370000000000001,6.1500000000000004e-05,3.3000000000000003e-05
0.0023370000000000001,8.2000000000000001e-05,3.3000000000000003e-05
0.0023370000000000001,0.0001025,3.3000000000000003e-05
0.0023370000000000001,0.00012300000000000001,3.3000000000000003e-05
0.0023370000000000001,0.00014349999999999999,3.3000000000000003e-05
0.0023370000000000001,0.000164,3.3000000000000003e-05
0.0023370000000000001,0.00018450000000000001,3.3000000000000003e-05
0.0023370000000000001,0.000205,3.3000000000000003e-05
0.0023370000000000001,0.00022550000000000001,3.3000000000000003e-05
0.0023370000000000001,0.00024600000000000002,3.3000000000000003e-05
0.0023370000000000001,0.00026650000000000003,3.3000000000000003e-05
0.0023370000000000001,0.00028699999999999998,3.3000000000000003e-05
0.0023370000000000001,0.00030749999999999999,3.3000000000000003e-05
0.0023370000000000001,0.000328,3.3000000000000003e-05
0.0023370000000000001,0.00034850000000000001,3.3000000000000003e-05
0.0023370000000000001,0.00036900000000000002,3.3000000000000003e-05
0.0023370000000000001,0.00038949999999999998,3.3000000000000003e-05
0.0023370000000000001,0.00040999999999999999,3.3000000000000003e-05
0.0023370000000000001,0.0004305,3.3000000000000003e-05
0.0023370000000000001,0.00045100000000000001,3.3000000000000003e-05
0.0023370000000000001,0.00047150000000000002,3.3000000000000003e-05
0.0023985,2.05e-05,3.3000000000000003e-05
0.0023985,4.1e-05,3.3000000000000003e-05
0.0023985,6.1500000000000004e-05,3.3000000000000003e-05
0.0023985,8.2000000000000001e-05,3.3000000000000003e-05
0.0023985,0.0001025,3.3000000000000003e-05
0.0023985,0.00012300000000000001,3.3000000000000003e-05
0.0023985,0.00014349999999999999,3.3000000000000003e-05
0.0023985,0.000164,3.3000000000000003e-05
0.0023985,0.00018450000000000001,3.3000000000000003e-05
0.0023985,0.000205,3.3000000000000003e-05
0.0023985,0.00022550000000000001,3.3000000000000003e-05
0.0023985,0.00024600000000000002,3.3000000000000003e-05
0.0023985,0.00026650000000000003,3.3000000000000003e-05
0.0023985,0.00028699999999999998,3.3000000000000003e-05
0.0023985,0.00030749999999999999,3.3000000000000003e-05
0.0023985,0.000328,3.3000000000000003e-05
0.0023985,0.00034850000000000001,3.3000000000000003e-05
0.0023985,0.00036900000000000002,3.3000000000000003e-05
0.0023985,0.00038949999999999998,3.3000000000000003e-05
0.0023985,0.00040999999999999999,3.3000000000000003e-05
0.0023985,0.0004305,3.3000000000000003e-05
0.0023985,0.00045100000000000001,3.3000000000000003e-05
0.0023985,0.00047150000000000002,3.3000000000000003e-05
0.0024599999999999999,2.05e-05,3.3000000000000003e-05
0.0024599999999999999,4.1e-05,3.3000000000000003e-05
0.0024599999999999999,6.1500000000000004e-05,3.3000000000000003e-05
0.0024599999999999999,8.2000000000000001e-05,3.3000000000000003e-05
0.0024599999999999999,0.0001025,3.3000000000000003e-05
0.0024599999999999999,0.00012300000000000001,3.3000000000000003e-05
0.0024599999999999999,0.00014349999999999999,3.3000000000000003e-05
0.0024599999999999999,0.000164,3.3000000000000003e-05
0.0024599999999999999,0.00018450000000000001,3.3000000000000003e-05
0.0024599999999999999,0.000205,3.3000000000000003e-05
0.0024599999999999999,0.00022550000000000001,3.3000000000000003e-05
0.0024599999999999999,0.00024600000000000002,3.3000000000000003e-05
0.0024599999999999999,0.00026650000000000003,3.3000000000000003e-05
0.0024599999999999999,0.00028699999999999998,3.3000000000000003e-05
0.0024599999999999999,0.00030749999999999999,3.3000000000000003e-05
0.0024599999999999999,0.000328,3.3000000000000003e-05
0.0024599999999999999,0.00034850000000000001,3.3000000000000003e-05
0.0024599999999999999,0.00036900000000000002,3.3000000000000003e-05
0.0024599999999999999,0.00038949999999999998,3.3000000000000003e-05
0.0024599999999999999,0.00040999999999999999,3.3000000000000003e-05
0.0024599999999999999,0.0004305,3.3000000000000003e-05
0.0024599999999999999,0.00045100000000000001,3.3000000000000003e-05
0.0024599999999999999,0.00047150000000000002,3.3000000000000003e-05
0.0025214999999999999,2.05e-05,3.3000000000000003e-05
0.0025214999999999999,4.1e-05,3.3000000000000003e-05
0.0025214999999999999,6.1500000000000004e-05,3.3000000000000003e-05
0.0025214999999999999,8.2000000000000001e-05,3.3000000000000003e-05
0.0025214999999999999,0.0001025,3.3000000000000003e-05
0.0025214999999999999,0.00012300000000000001,3.3000000000000003e-05
0.0025214999999999999,0.00014349999999999999,3.3000000000000003e-05
0.0025214999999999999,0.000164,3.3000000000000003e-05
0.0025214999999999999,0.00018450000000000001,3.3000000000000003e-05
0.0025214999999999999,0.000205,3.3000000000000003e-05
0.0025214999999999999,0.00022550000000000001,3.3000000000000003e-05
0.0025214999999999999,0.00024600000000000002,3.3000000000000003e-05
0.0025214999999999999,0.00026650000000000003,3.3000000000000003e-05
0.0025214999999999999,0.00028699999999999998,3.3000000000000003e-05
0.0025214999999999999,0.00030749999999999999,3.3000000000000003e-05
0.0025214999999999999,0.000328,3.3000000000000003e-05
0.0025214999999999999,0.00034850000000000001,3.3000000000000003e-05
0.0025214999999999999,0.00036900000000000002,3.3000000000000003e-05
0.0025214999999999999,0.00038949999999999998,3.3000000000000003e-05
0.0025214999999999999,0.00040999999999999999,3.3000000000000003e-05
0.0025214999999999999,0.0004305,3.3000000000000003e-05
0.0025214999999999999,0.00045100000000000001,3.3000000000000003e-05
0.0025214999999999999,0.00047150000000000002,3.3000000000000003e-05
0.0025829999999999998,2.05e-05,3.3000000000000003e-05
0.0025829999999999998,4.1e-05,3.3000000000000003e-05
0.0025829999999999998,6.1500000000000004e-05,3.3000000000000003e-05
0.0025829999999999998,8.2000000000000001e-05,3.3000000000000003e-05
0.0025829999999999998,0.0001025,3.3000000000000003e-05
0.0025829999999999998,0.00012300000000000001,3.3000000000000003e-05
0.0025829999999999998,0.00014349999999999999,3.3000000000000003e-05
0.0025829999999999998,0.000164,3.3000000000000003e-05
0.0025829999999999998,0.00018450000000000001,3.3000000000000003e-05
0.0025829999999999998,0.000205,3.3000000000000003e-05
0.0025829999999999998,0.00022550000000000001,3.3000000000000003e-05
0.0025829999999999998,0.00024600000000000002,3.3000000000000003e-05
0.0025829999999999998,0.00026650000000000003,3.3000000000000003e-05
0.0025829999999999998,0.00028699999999999998,3.3000000000000003e-05
0.0025829999999999998,0.00030749999999999999,3.3000000000000003e-05
0.0025829999999999998,0.000328,3.3000000000000003e-05
0.0025829999999999998,0.00034850000000000001,3.3000000000000003e-05
0.0025829999999999998,0.00036900000000000002,3.3000000000000003e-05
0.0025829999999999998,0.00038949999999999998,3.3000000000000003e-05
0.0025829999999999998,0.00040999999999999999,3.3000000000000003e-05
0.0025829999999999998,0.0004305,3.3000000000000003e-05
0.0025829999999999998,0.00045100000000000001,3.3000000000000003e-05
0.0025829999999999998,0.00047150000000000002,3.3000000000000003e-05
0.0026445000000000001,2.05e-05,3.3000000000000003e-05
0.0026445000000000001,4.1e-05,3.3000000000000003e-05
0.0026445000000000001,6.1500000000000004e-05,3.3000000000000003e-05
0.0026445000000000001,8.2000000000000001e-05,3.3000000000000003e-05
0.0026445000000000001,0.0001025,3.3000000000000003e-05
0.0026445000000000001,0.00012300000000000001,3.3000000000000003e-05
0.0026445000000000001,0.00014349999999999999,3.3000000000000003e-05
0.0026445000000000001,0.000164,3.3000000000000003e-05
0.0026445000000000001,0.00018450000000000001,3.3000000000000003e-05
0.0026445000000000001,0.000205,3.3000000000000003e-05
0.0026445000000000001,0.00022550000000000001,3.3000000000000003e-05
0.0026445000000000001,0.00024600000000000002,3.3000000000000003e-05
0.0026445000000000001,0.00026650000000000003,3.3000000000000003e-05
0.0026445000000000001,0.00028699999999999998,3.3000000000000003e-05
0.0026445000000000001,0.00030749999999999999,3.3000000000000003e-05
0.0026445000000000001,0.000328,3.3000000000000003e-05
0.0026445000000000001,0.00034850000000000001,3.3000000000000003e-05
0.0026445000000000001,0.00036900000000000002,3.3000000000000003e-05
0.0026445000000000001,0.00038949999999999998,3.3000000000000003e-05
0.0026445000000000001,0.00040999999999999999,3.3000000000000003e-05
0.0026445000000000001,0.0004305,3.3000000000000003e-05
0.0026445000000000001,0.00045100000000000001,3.3000000000000003e-05
0.0026445000000000001,0.00047150000000000002,3.3000000000000003e-05
0.0027060000000000001,2.05e-05,3.3000000000000003e-05
0.0027060000000000001,4.1e-05,3.3000000000000003e-05
0.0027060000000000001,6.1500000000000004e-05,3.3000000000000003e-05
0.0027060000000000001,8.2000000000000001e-05,3.3000000000000003e-05
0.0027060000000000001,0.0001025,3.3000000000000003e-05
0.0027060000000000001,0.00012300000000000001,3.3000000000000003e-05
0.0027060000000000001,0.00014349999999999999,3.3000000000000003e-05
0.0027060000000000001,0.000164,3.3000000000000003e-05
0.0027060000000000001,0.00018450000000000001,3.3000000000000003e-05
0.0027060000000000001,0.000205,3.3000000000000003e-05
0.0027060000000000001,0.00022550000000000001,3.3000000000000003e-05
0.0027060000000000001,0.00024600000000000002,3.3000000000000003e-05
0.0027060000000000001,0.00026650000000000003,3.3000000000000003e-05
0.0027060000000000001,0.00028699999999999998,3.3000000000000003e-05
0.0027060000000000001,0.00030749999999999999,3.3000000000000003e-05
0.0027060000000000001,0.000328,3.3000000000000003e-05
0.0027060000000000001,0.00034850000000000001,3.3000000000000003e-05
0.0027060000000000001,0.00036900000000000002,3.3000000000000003e-05
0.0027060000000000001,0.00038949999999999998,3.3000000000000003e-05
0.0027060000000000001,0.00040999999999999999,3.3000000000000003e-05
0.0027060000000000001,0.0004305,3.3000000000000003e-05
0.0027060000000000001,0.00045100000000000001,3.3000000000000003e-05
0.0027060000000000001,0.00047150000000000002,3.3000000000000003e-05
0.0027675,2.05e-05,3.3000000000000003e-05
0.0027675,4.1e-05,3.3000000000000003e-05
0.0027675,6.1500000000000004e-05,3.3000000000000003e-05
0.0027675,8.2000000000000001e-05,3.3000000000000003e-05
0.0027675,0.0001025,3.3000000000000003e-05
0.0027675,0.00012300000000000001,3.3000000000000003e-05
0.0027675,0.00014349999999999999,3.3000000000000003e-05
0.0027675,0.000164,3.3000000000000003e-05
0.0027675,0.00018450000000000001,3.3000000000000003e-05
0.0027675,0.000205,3.3000000000000003e-05
0.0027675,0.00022550000000000001,3.3000000000000003e-05
0.0027675,0.00024600000000000002,3.3000000000000003e-05
0.0027675,0.00026650000000000003,3.3000000000000003e-05
0.0027675,0.00028699999999999998,3.3000000000000003e-05
0.0027675,0.00030749999999999999,3.3000000000000003e-05
0.0027675,0.000328,3.3000000000000003e-05
0.0027675,0.00034850000000000001,3.3000000000000003e-05
0.0027675,0.00036900000000000002,3.3000000000000003e-05
0.0027675,0.00038949999999999998,3.3000000000000003e-05
0.0027675,0.00040999999999999999,3.3000000000000003e-05
0.0027675,0.0004305,3.3000000000000003e-05
0.0027675,0.00045100000000000001,3.3000000000000003e-05
0.0027675,0.00047150000000000002,3.3000000000000003e-05
0.0028289999999999999,2.05e-05,3.3000000000000003e-05
0.0028289999999999999,4.1e-05,3.3000000000000003e-05
0.0028289999999999999,6.1500000000000004e-05,3.3000000000000003e-05
0.0028289999999999999,8.2000000000000001e-05,3.3000000000000003e-05
0.0028289999999999999,0.0001025,3.3000000000000003e-05
0.0028289999999999999,0.00012300000000000001,3.3000000000000003e-05
0.0028289999999999999,0.00014349999999999999,3.3000000000000003e-05
0.0028289999999999999,0.000164,3.3000000000000003e-05
0.0028289999999999999,0.00018450000000000001,3.3000000000000003e-05
0.0028289999999999999,0.000205,3.3000000000000003e-05
0.0028289999999999999,0.00022550000000000001,3.3000000000000003e-05
0.0028289999999999999,0.00024600000000000002,3.3000000000000003e-05
0.0028289999999999999,0.00026650000000000003,3.3000000000000003e-05
0.0028289999999999999,0.00028699999999999998,3.3000000000000003e-05
0.0028289999999999999,0.00030749999999999999,3.3000000000000003e-05
0.0028289999999999999,0.000328,3.3000000000000003e-05
0.0028289999999999999,0.00034850000000000001,3.3000000000000003e-05
0.0028289999999999999,0.00036900000000000002,3.3000000000000003e-05
0.0028289999999999999,0.00038949999999999998,3.3000000000000003e-05
0.0028289999999999999,0.00040999999999999999,3.3000000000000003e-05
0.0028289999999999999,0.0004305,3.3000000000000003e-05
0.0028289999999999999,0.00045100000000000001,3.3000000000000003e-05
0.0028289999999999999,0.00047150000000000002,3.3000000000000003e-05
0.0028904999999999998,2.05e-05,3.3000000000000003e-05
0.0028904999999999998,4.1e-05,3.3000000000000003e-05
0.0028904999999999998,6.1500000000000004e-05,3.3000000000000003e-05
0.0028904999999999998,8.2000000000000001e-05,3.3000000000000003e-05
0.0028904999999999998,0.0001025,3.3000000000000003e-05
0.0028904999999999998,0.00012300000000000001,3.3000000000000003e-05
0.0028904999999999998,0.00014349999999999999,3.3000000000000003e-05
0.0028904999999999998,0.000164,3.3000000000000003e-05
0.0028904999999999998,0.00018450000000000001,3.3000000000000003e-05
0.0028904999999999998,0.000205,3.3000000000000003e-05
0.0028904999999999998,0.00022550000000000001,3.3000000000000003e-05
0.0028904999999999998,0.00024600000000000002,3.3000000000000003e-05
0.0028904999999999998,0.00026650000000000003,3.3000000000000003e-05
0.0028904999999999998,0.00028699999999999998,3.3000000000000003e-05
0.0028904999999999998,0.00030749999999999999,3.3000000000000003e-05
0.0028904999999999998,0.000328,3.3000000000000003e-05
0.0028904999999999998,0.00034850000000000001,3.3000000000000003e-05
0.0028904999999999998,0.00036900000000000002,3.3000000000000003e-05
0.0028904999999999998,0.00038949999999999998,3.3000000000000003e-05
0.0028904999999999998,0.00040999999999999999,3.3000000000000003e-05
0.0028904999999999998,0.0004305,3.3000000000000003e-05
0.0028904999999999998,0.00045100000000000001,3.3000000000000003e-05
0.0028904999999999998,0.00047150000000000002,3.3000000000000003e-05
0.0029520000000000002,2.05e-05,3.3000000000000003e-05
0.0029520000000000002,4.1e-05,3.3000000000000003e-05
0.0029520000000000002,6.1500000000000004e-05,3.3000000000000003e-05
0.0029520000000000002,8.2000000000000001e-05,3.3000000000000003e-05
0.0029520000000000002,0.0001025,3.3000000000000003e-05
0.0029520000000000002,0.00012300000000000001,3.3000000000000003e-05
0.0029520000000000002,0.00014349999999999999,3.3000000000000003e-05
0.0029520000000000002,0.000164,3.3000000000000003e-05
0.0029520000000000002,0.00018450000000000001,3.3000000000000003e-05
0.0029520000000000002,0.000205,3.3000000000000003e-05
0.0029520000000000002,0.00022550000000000001,3.3000000000000003e-05
0.0029520000000000002,0.00024600000000000002,3.3000000000000003e-05
0.0029520000000000002,0.00026650000000000003,3.3000000000000003e-05
0.0029520000000000002,0.00028699999999999998,3.3000000000000003e-05
0.0029520000000000002,0.00030749999999999999,3.3000000000000003e-05
0.0029520000000000002,0.000328,3.3000000000000003e-05
0.0029520000000000002,0.00034850000000000001,3.3000000000000003e-05
0.0029520000000000002,0.00036900000000000002,3.3000000000000003e-05
0.0029520000000000002,0.00038949999999999998,3.3000000000000003e-05
0.0029520000000000002,0.00040999999999999999,3.3000000000000003e-05
0.0029520000000000002,0.0004305,3.3000000000000003e-05
0.0029520000000000002,0.00045100000000000001,3.3000000000000003e-05
0.0029520000000000002,0.00047150000000000002,3.3000000000000003e-05
0.0030135000000000001,2.05e-05,3.3000000000000003e-05
0.0030135000000000001,4.1e-05,3.3000000000000003e-05
0.0030135000000000001,6.1500000000000004e-05,3.3000000000000003e-05
0.0030135000000000001,8.2000000000000001e-05,3.3000000000000003e-05
0.0030135000000000001,0.0001025,3.3000000000000003e-05
0.0030135000000000001,0.00012300000000000001,3.3000000000000003e-05
0.0030135000000000001,0.00014349999999999999,3.3000000000000003e-05
0.0030135000000000001,0.000164,3.3000000000000003e-05
0.0030135000000000001,0.00018450000000000001,3.3000000000000003e-05
0.0030135000000000001,0.000205,3.3000000000000003e-05
0.0030135000000000001,0.00022550000000000001,3.3000000000000003e-05
0.0030135000000000001,0.00024600000000000002,3.3000000000000003e-05
0.0030135000000000001,0.00026650000000000003,3.3000000000000003e-05
0.0030135000000000001,0.00028699999999999998,3.3000000000000003e-05
0.0030135000000000001,0.00030749999999999999,3.3000000000000003e-05
0.0030135000000000001,0.000328,3.3000000000000003e-05
0.0030135000000000001,0.00034850000000000001,3.3000000000000003e-05
0.0030135000000000001,0.00036900000000000002,3.3000000000000003e-05
0.0030135000000000001,0.00038949999999999998,3.3000000000000003e-05
0.0030135000000000001,0.00040999999999999999,3.3000000000000003e-05
0.0030135000000000001,0.0004305,3.3000000000000003e-05
0.0030135000000000001,0.00045100000000000001,3.3000000000000003e-05
0.0030135000000000001,0.00047150000000000002,3.3000000000000003e-05
0.003075,2.05e-05,3.3000000000000003e-05
0.003075,4.1e-05,3.3000000000000003e-05
0.003075,6.1500000000000004e-05,3.3000000000000003e-05
0.003075,8.2000000000000001e-05,3.3000000000000003e-05
0.003075,0.0001025,3.3000000000000003e-05
0.003075,0.00012300000000000001,3.3000000000000003e-05
0.003075,0.00014349999999999999,3.3000000000000003e-05
0.003075,0.000164,3.3000000000000003e-05
0.003075,0.00018450000000000001,3.3000000000000003e-05
0.003075,0.000205,3.3000000000000003e-05
0.003075,0.00022550000000000001,3.3000000000000003e-05
0.003075,0.00024600000000000002,3.3000000000000003e-05
0.003075,0.00026650000000000003,3.3000000000000003e-05
0.003075,0.00028699999999999998,3.3000000000000003e-05
0.003075,0.00030749999999999999,3.3000000000000003e-05
0.003075,0.000328,3.3000000000000003e-05
0.003075,0.00034850000000000001,3.3000000000000003e-05
0.003075,0.00036900000000000002,3.3000000000000003e-05
0.003075,0.00038949999999999998,3.3000000000000003e-05
0.003075,0.00040999999999999999,3.3000000000000003e-05
0.003075,0.0004305,3.3000000000000003e-05
0.003075,0.00045100000000000001,3.3000000000000003e-05
0.003075,0.00047150000000000002,3.3000000000000003e-05
0.0031365,2.05e-05,3.3000000000000003e-05
0.0031365,4.1e-05,3.3000000000000003e-05
0.0031365,6.1500000000000004e-05,3.3000000000000003e-05
0.0031365,8.2000000000000001e-05,3.3000000000000003e-05
0.0031365,0.0001025,3.3000000000000003e-05
0.0031365,0.00012300000000000001,3.3000000000000003e-05
0.0031365,0.00014349999999999999,3.3000000000000003e-05
0.0031365,0.000164,3.3000000000000003e-05
0.0031365,0.00018450000000000001,3.3000000000000003e-05
0.0031365,0.000205,3.3000000000000003e-05
0.0031365,0.00022550000000000001,3.3000000000000003e-05
0.0031365,0.00024600000000000002,3.3000000000000003e-05
0.0031365,0.00026650000000000003,3.3000000000000003e-05
0.0031365,0.00028699999999999998,3.3000000000000003e-05
0.0031365,0.00030749999999999999,3.3000000000000003e-05
0.0031365,0.000328,3.3000000000000003e-05
0.0031365,0.00034850000000000001,3.3000000000000003e-05
0.0031365,0.00036900000000000002,3.3000000000000003e-05
0.0031365,0.00038949999999999998,3.3000000000000003e-05
0.0031365,0.00040999999999999999,3.3000000000000003e-05
0.0031365,0.0004305,3.3000000000000003e-05
0.0031365,0.00045100000000000001,3.3000000000000003e-05
0.0031365,0.00047150000000000002,3.3000000000000003e-05
0.0031979999999999999,2.05e-05,3.3000000000000003e-05
0.0031979999999999999,4.1e-05,3.3000000000000003e-05
0.0031979999999999999,6.1500000000000004e-05,3.3000000000000003e-05
0.0031979999999999999,8.2000000000000001e-05,3.3000000000000003e-05
0.0031979999999999999,0.0001025,3.3000000000000003e-05
0.0031979999999999999,0.00012300000000000001,3.3000000000000003e-05
0.0031979999999999999,0.00014349999999999999,3.3000000000000003e-05
0.0031979999999999999,0.000164,3.3000000000000003e-05
0.0031979999999999999,0.00018450000000000001,3.3000000000000003e-05
0.0031979999999999999,0.000205,3.3000000000000003e-05
0.0031979999999999999,0.00022550000000000001,3.3000000000000003e-05
0.0031979999999999999,0.00024600000000000002,3.3000000000000003e-05
0.0031979999999999999,0.00026650000000000003,3.3000000000000003e-05
0.0031979999999999999,0.00028699999999999998,3.3000000000000003e-05
0.0031979999999999999,0.00030749999999999999,3.3000000000000003e-05
0.0031979999999999999,0.000328,3.3000000000000003e-05
0.0031979999999999999,0.00034850000000000001,3.3000000000000003e-05
0.0031979999999999999,0.00036900000000000002,3.3000000000000003e-05
0.0031979999999999999,0.00038949999999999998,3.3000000000000003e-05
0.0031979999999999999,0.00040999999999999999,3.3000000000000003e-05
0.0031979999999999999,0.0004305,3.3000000000000003e-05
0.0031979999999999999,0.00045100000000000001,3.3000000000000003e-05
0.0031979999999999999,0.00047150000000000002,3.3000000000000003e-05
0.0032594999999999998,2.05e-05,3.3000000000000003e-05
0.0032594999999999998,4.1e-05,3.3000000000000003e-05
0.0032594999999999998,6.1500000000000004e-05,3.3000000000000003e-05
0.0032594999999999998,8.2000000000000001e-05,3.3000000000000003e-05
0.0032594999999999998,0.0001025,3.3000000000000003e-05
0.0032594999999999998,0.00012300000000000001,3.3000000000000003e-05
0.0032594999999999998,0.00014349999999999999,3.3000000000000003e-05
0.0032594999999999998,0.000164,3.3000000000000003e-05
0.0032594999999999998,0.00018450000000000001,3.3000000000000003e-05
0.0032594999999999998,0.000205,3.3000000000000003e-05
0.0032594999999999998,0.00022550000000000001,3.3000000000000003e-05
0.0032594999999999998,0.00024600000000000002,3.3000000000000003e-05
0.0032594999999999998,0.00026650000000000003,3.3000000000000003e-05
0.0032594999999999998,0.00028699999999999998,3.3000000000000003e-05
0.0032594999999999998,0.00030749999999999999,3.3000000000000003e-05
0.0032594999999999998,0.000328,3.3000000000000003e-05
0.0032594999999999998,0.00034850000000000001,3.3000000000000003e-05
0.0032594999999999998,0.00036900000000000002,3.3000000000000003e-05
0.0032594999999999998,0.00038949999999999998,3.3000000000000003e-05
0.0032594999999999998,0.00040999999999999999,3.3000000000000003e-05
0.0032594999999999998,0.0004305,3.3000000000000003e-05
0.0032594999999999998,0.00045100000000000001,3.3000000000000003e-05
0.0032594999999999998,0.00047150000000000002,3.3000000000000003e-05
0.0033210000000000002,2.05e-05,3.3000000000000003e-05
0.0033210000000000002,4.1e-05,3.3000000000000003e-05
0.0033210000000000002,6.1500000000000004e-05,3.3000000000000003e-05
0.0033210000000000002,8.2000000000000001e-05,3.3000000000000003e-05
0.0033210000000000002,0.0001025,3.3000000000000003e-05
0.0033210000000000002,0.00012300000000000001,3.3000000000000003e-05
0.0033210000000000002,0.00014349999999999999,3.3000000000000003e-05
0.0033210000000000002,0.000164,3.3000000000000003e-05
0.0033210000000000002,0.00018450000000000001,3.3000000000000003e-05
0.0033210000000000002,0.000205,3.3000000000000003e-05
0.0033210000000000002,0.00022550000000000001,3.3000000000000003e-05
0.0033210000000000002,0.00024600000000000002,3.3000000000000003e-05
0.0033210000000000002,0.00026650000000000003,3.3000000000000003e-05
0.0033210000000000002,0.00028699999999999998,3.3000000000000003e-05
0.0033210000000000002,0.00030749999999999999,3.3000000000000003e-05
0.0033210000000000002,0.000328,3.3000000000000003e-05
0.0033210000000000002,0.00034850000000000001,3.3000000000000003e-05
0.0033210000000000002,0.00036900000000000002,3.3000000000000003e-05
0.0033210000000000002,0.00038949999999999998,3.3000000000000003e-05
0.0033210000000000002,0.00040999999999999999,3.3000000000000003e-05
0.0033210000000000002,0.0004305,3.3000000000000003e-05
0.0033210000000000002,0.00045100000000000001,3.3000000000000003e-05
0.0033210000000000002,0.00047150000000000002,3.3000000000000003e-05
0.0033825000000000001,2.05e-05,3.3000000000000003e-05
0.0033825000000000001,4.1e-05,3.3000000000000003e-05
0.0033825000000000001,6.1500000000000004e-05,3.3000000000000003e-05
0.0033825000000000001,8.2000000000000001e-05,3.3000000000000003e-05
0.0033825000000000001,0.0001025,3.3000000000000003e-05
0.0033825000000000001,0.00012300000000000001,3.3000000000000003e-05
0.0033825000000000001,0.00014349999999999999,3.3000000000000003e-05
0.0033825000000000001,0.000164,3.3000000000000003e-05
0.0033825000000000001,0.00018450000000000001,3.3000000000000003e-05
0.0033825000000000001,0.000205,3.3000000000000003e-05
0.0033825000000000001,0.00022550000000000001,3.3000000000000003e-05
0.0033825000000000001,0.00024600000000000002,3.3000000000000003e-05
0.0033825000000000001,0.00026650000000000003,3.3000000000000003e-05
0.0033825000000000001,0.00028699999999999998,3.3000000000000003e-05
0.0033825000000000001,0.00030749999999999999,3.3000000000000003e-05
0.0033825000000000001,0.000328,3.3000000000000003e-05
0.0033825000000000001,0.00034850000000000001,3.3000000000000003e-05
0.0033825000000000001,0.00036900000000000002,3.3000000000000003e-05
0.0033825000000000001,0.00038949999999999998,3.3000000000000003e-05
0.0033825000000000001,0.00040999999999999999,3.3000000000000003e-05
0.0033825000000000001,0.0004305,3.3000000000000003e-05
0.0033825000000000001,0.00045100000000000001,3.3000000000000003e-05
0.0033825000000000001,0.00047150000000000002,3.3000000000000003e-05
0.003444,2.05e-05,3.3000000000000003e-05
0.003444,4.1e-05,3.3000000000000003e-05
0.003444,6.1500000000000004e-05,3.3000000000000003e-05
0.003444,8.2000000000000001e-05,3.3000000000000003e-05
0.003444,0.0001025,3.3000000000000003e-05
0.003444,0.00012300000000000001,3.3000000000000003e-05
0.003444,0.00014349999999999999,3.3000000000000003e-05
0.003444,0.000164,3.3000000000000003e-05
0.003444,0.00018450000000000001,3.3000000000000003e-05
0.003444,0.000205,3.3000000000000003e-05
0.003444,0.00022550000000000001,3.3000000000000003e-05
0.003444,0.00024600000000000002,3.3000000000000003e-05
0.003444,0.00026650000000000003,3.3000000000000003e-05
0.003444,0.00028699999999999998,3.3000000000000003e-05
0.003444,0.00030749999999999999,3.3000000000000003e-05
0.003444,0.000328,3.3000000000000003e-05
0.003444,0.00034850000000000001,3.3000000000000003e-05
0.003444,0.00036900000000000002,3.3000000000000003e-05
0.003444,0.00038949999999999998,3.3000000000000003e-05
0.003444,0.00040999999999999999,3.3000000000000003e-05
0.003444,0.0004305,3.3000000000000003e-05
0.003444,0.00045100000000000001,3.3000000000000003e-05
0.003444,0.00047150000000000002,3.3000000000000003e-05
0.0035054999999999999,2.05e-05,3.3000000000000003e-05
0.0035054999999999999,4.1e-05,3.3000000000000003e-05
0.0035054999999999999,6.1500000000000004e-05,3.3000000000000003e-05
0.0035054999999999999,8.2000000000000001e-05,3.3000000000000003e-05
0.0035054999999999999,0.0001025,3.3000000000000003e-05
0.0035054999999999999,0.00012300000000000001,3.3000000000000003e-05
0.0035054999999999999,0.00014349999999999999,3.3000000000000003e-05
0.0035054999999999999,0.000164,3.3000000000000003e-05
0.0035054999999999999,0.00018450000000000001,3.3000000000000003e-05
0.0035054999999999999,0.000205,3.3000000000000003e-05
0.0035054999999999999,0.00022550000000000001,3.3000000000000003e-05
0.0035054999999999999,0.00024600000000000002,3.3000000000000003e-05
0.0035054999999999999,0.00026650000000000003,3.3000000000000003e-05
0.0035054999999999999,0.00028699999999999998,3.3000000000000003e-05
0.0035054999999999999,0.00030749999999999999,3.3000000000000003e-05
0.0035054999999999999,0.000328,3.3000000000000003e-05
0.0035054999999999999,0.00034850000000000001,3.3000000000000003e-05
0.0035054999999999999,0.00036900000000000002,3.3000000000000003e-05
0.0035054999999999999,0.00038949999999999998,3.3000000000000003e-05
0.0035054999999999999,0.00040999999999999999,3.3000000000000003e-05
0.0035054999999999999,0.0004305,3.3000000000000003e-05
0.0035054999999999999,0.00045100000000000001,3.3000000000000003e-05
0.0035054999999999999,0.00047150000000000002,3.3000000000000003e-05
0.0035669999999999999,2.05e-05,3.3000000000000003e-05
0.0035669999999999999,4.1e-05,3.3000000000000003e-05
0.0035669999999999999,6.1500000000000004e-05,3.3000000000000003e-05
0.0035669999999999999,8.2000000000000001e-05,3.3000000000000003e-05
0.0035669999999999999,0.0001025,3.3000000000000003e-05
0.0035669999999999999,0.00012300000000000001,3.3000000000000003e-05
0.0035669999999999999,0.00014349999999999999,3.3000000000000003e-05
0.0035669999999999999,0.000164,3.3000000000000003e-05
0.0035669999999999999,0.00018450000000000001,3.3000000000000003e-05
0.0035669999999999999,0.000205,3.3000000000000003e-05
0.0035669999999999999,0.00022550000000000001,3.3000000000000003e-05
0.0035669999999999999,0.00024600000000000002,3.3000000000000003e-05
0.0035669999999999999,0.00026650000000000003,3.3000000000000003e-05
0.0035669999999999999,0.00028699999999999998,3.3000000000000003e-05
0.0035669999999999999,0.00030749999999999999,3.3000000000000003e-05
0.0035669999999999999,0.000328,3.3000000000000003e-05
0.0035669999999999999,0.00034850000000000001,3.3000000000000003e-05
0.0035669999999999999,0.00036900000000000002,3.3000000000000003e-05
0.0035669999999999999,0.00038949999999999998,3.3000000000000003e-05
0.0035669999999999999,0.00040999999999999999,3.3000000000000003e-05
0.0035669999999999999,0.0004305,3.3000000000000003e-05
0.0035669999999999999,0.00045100000000000001,3.3000000000000003e-05
0.0035669999999999999,0.00047150000000000002,3.3000000000000003e-05
0.0036285000000000002,2.05e-05,3.3000000000000003e-05
0.0036285000000000002,4.1e-05,3.3000000000000003e-05
0.0036285000000000002,6.1500000000000004e-05,3.3000000000000003e-05
0.0036285000000000002,8.2000000000000001e-05,3.3000000000000003e-05
0.0036285000000000002,0.0001025,3.3000000000000003e-05
0.0036285000000000002,0.00012300000000000001,3.3000000000000003e-05
0.0036285000000000002,0.00014349999999999999,3.3000000000000003e-05
0.0036285000000000002,0.000164,3.3000000000000003e-05
0.0036285000000000002,0.00018450000000000001,3.3000000000000003e-05
0.0036285000000000002,0.000205,3.3000000000000003e-05
0.0036285000000000002,0.00022550000000000001,3.3000000000000003e-05
0.0036285000000000002,0.00024600000000000002,3.3000000000000003e-05
0.0036285000000000002,0.00026650000000000003,3.3000000000000003e-05
0.0036285000000000002,0.00028699999999999998,3.3000000000000003e-05
0.0036285000000000002,0.00030749999999999999,3.3000000000000003e-05
0.0036285000000000002,0.000328,3.3000000000000003e-05
0.0036285000000000002,0.00034850000000000001,3.3000000000000003e-05
0.0036285000000000002,0.00036900000000000002,3.3000000000000003e-05
0.0036285000000000002,0.00038949999999999998,3.3000000000000003e-05
0.0036285000000000002,0.00040999999999999999,3.3000000000000003e-05
0.0036285000000000002,0.0004305,3.3000000000000003e-05
0.0036285000000000002,0.00045100000000000001,3.3000000000000003e-05
0.0036285000000000002,0.00047150000000000002,3.3000000000000003e-05
0.0036900000000000001,2.05e-05,3.3000000000000003e-05
0.0036900000000000001,4.1e-05,3.3000000000000003e-05
0.0036900000000000001,6.1500000000000004e-05,3.3000000000000003e-05
0.0036900000000000001,8.2000000000000001e-05,3.3000000000000003e-05
0.0036900000000000001,0.0001025,3.3000000000000003e-05
0.0036900000000000001,0.00012300000000000001,3.3000000000000003e-05
0.0036900000000000001,0.00014349999999999999,3.3000000000000003e-05
0.0036900000000000001,0.000164,3.3000000000000003e-05
0.0036900000000000001,0.00018450000000000001,3.3000000000000003e-05
0.0036900000000000001,0.000205,3.3000000000000003e-05
0.0036900000000000001,0.00022550000000000001,3.3000000000000003e-05
0.0036900000000000001,0.00024600000000000002,3.3000000000000003e-05
0.0036900000000000001,0.00026650000000000003,3.3000000000000003e-05
0.0036900000000000001,0.00028699999999999998,3.3000000000000003e-05
0.0036900000000000001,0.00030749999999999999,3.3000000000000003e-05
0.0036900000000000001,0.000328,3.3000000000000003e-05
0.0036900000000000001,0.00034850000000000001,3.3000000000000003e-05
0.0036900000000000001,0.00036900000000000002,3.3000000000000003e-05
0.0036900000000000001,0.00038949999999999998,3.3000000000000003e-05
0.0036900000000000001,0.00040999999999999999,3.3000000000000003e-05
0.0036900000000000001,0.0004305,3.3000000000000003e-05
0.0036900000000000001,0.00045100000000000001,3.3000000000000003e-05
0.0036900000000000001,0.00047150000000000002,3.3000000000000003e-05
0.0037515000000000001,2.05e-05,3.3000000000000003e-05
0.0037515000000000001,4.1e-05,3.3000000000000003e-05
0.0037515000000000001,6.1500000000000004e-05,3.3000000000000003e-05
0.0037515000000000001,8.2000000000000001e-05,3.3000000000000003e-05
0.0037515000000000001,0.0001025,3.3000000000000003e-05
0.0037515000000000001,0.00012300000000000001,3.3000000000000003e-05
0.0037515000000000001,0.00014349999999999999,3.3000000000000003e-05
0.0037515000000000001,0.000164,3.3000000000000003e-05
0.0037515000000000001,0.00018450000000000001,3.3000000000000003e-05
0.0037515000000000001,0.000205,3.3000000000000003e-05
0.0037515000000000001,0.00022550000000000001,3.3000000000000003e-05
0.0037515000000000001,0.00024600000000000002,3.3000000000000003e-05
0.0037515000000000001,0.00026650000000000003,3.3000000000000003e-05
0.0037515000000000001,0.00028699999999999998,3.3000000000000003e-05
0.0037515000000000001,0.00030749999999999999,3.3000000000000003e-05
0.0037515000000000001,0.000328,3.3000000000000003e-05
0.0037515000000000001,0.00034850000000000001,3.3000000000000003e-05
0.0037515000000000001,0.00036900000000000002,3.3000000000000003e-05
0.0037515000000000001,0.00038949999999999998,3.3000000000000003e-05
0.0037515000000000001,0.00040999999999999999,3.3000000000000003e-05
0.0037515000000000001,0.0004305,3.3000000000000003e-05
0.0037515000000000001,0.00045100000000000001,3.3000000000000003e-05
0.0037515000000000001,0.00047150000000000002,3.3000000000000003e-05
0.003813,2.05e-05,3.3000000000000003e-05
0.003813,4.1e-05,3.3000000000000003e-05
0.003813,6.1500000000000004e-05,3.3000000000000003e-05
0.003813,8.2000000000000001e-05,3.3000000000000003e-05
0.003813,0.0001025,3.3000000000000003e-05
0.003813,0.00012300000000000001,3.3000000000000003e-05
0.003813,0.00014349999999999999,3.3000000000000003e-05
0.003813,0.000164,3.3000000000000003e-05
0.003813,0.00018450000000000001,3.3000000000000003e-05
0.003813,0.000205,3.3000000000000003e-05
0.003813,0.00022550000000000001,3.3000000000000003e-05
0.003813,0.00024600000000000002,3.3000000000000003e-05
0.003813,0.00026650000000000003,3.3000000000000003e-05
0.003813,0.00028699999999999998,3.3000000000000003e-05
0.003813,0.00030749999999999999,3.3000000000000003e-05
0.003813,0.000328,3.3000000000000003e-05
0.003813,0.00034850000000000001,3.3000000000000003e-05
0.003813,0.00036900000000000002,3.3000000000000003e-05
0.003813,0.00038949999999999998,3.3000000000000003e-05
0.003813,0.00040999999999999999,3.3000000000000003e-05
0.003813,0.0004305,3.3000000000000003e-05
0.003813,0.00045100000000000001,3.3000000000000003e-05
0.003813,0.00047150000000000002,3.3000000000000003e-05
0.0038744999999999999,2.05e-05,3.3000000000000003e-05
0.0038744999999999999,4.1e-05,3.3000000000000003e-05
0.0038744999999999999,6.1500000000000004e-05,3.3000000000000003e-05
0.0038744999999999999,8.2000000000000001e-05,3.3000000000000003e-05
0.0038744999999999999,0.0001025,3.3000000000000003e-05
0.0038744999999999999,0.00012300000000000001,3.3000000000000003e-05
0.0038744999999999999,0.00014349999999999999,3.3000000000000003e-05
0.0038744999999999999,0.000164,3.3000000000000003e-05
0.0038744999999999999,0.00018450000000000001,3.3000000000000003e-05
0.0038744999999999999,0.000205,3.3000000000000003e-05
0.0038744999999999999,0.00022550000000000001,3.3000000000000003e-05
0.0038744999999999999,0.00024600000000000002,3.3000000000000003e-05
0.0038744999999999999,0.00026650000000000003,3.3000000000000003e-05
0.0038744999999999999,0.00028699999999999998,3.3000000000000003e-05
0.0038744999999999999,0.00030749999999999999,3.3000000000000003e-05
0.0038744999999999999,0.000328,3.3000000000000003e-05
0.0038744999999999999,0.00034850000000000001,3.3000000000000003e-05
0.0038744999999999999,0.00036900000000000002,3.3000000000000003e-05
0.0038744999999999999,0.00038949999999999998,3.3000000000000003e-05
0.0038744999999999999,0.00040999999999999999,3.3000000000000003e-05
0.0038744999999999999,0.0004305,3.3000000000000003e-05
0.0038744999999999999,0.00045100000000000001,3.3000000000000003e-05
0.0038744999999999999,0.00047150000000000002,3.3000000000000003e-05
0.0039360000000000003,2.05e-05,3.3000000000000003e-05
0.0039360000000000003,4.1e-05,3.3000000000000003e-05
0.0039360000000000003,6.1500000000000004e-05,3.3000000000000003e-05
0.0039360000000000003,8.2000000000000001e-05,3.3000000000000003e-05
0.0039360000000000003,0.0001025,3.3000000000000003e-05
0.0039360000000000003,0.00012300000000000001,3.3000000000000003e-05
0.0039360000000000003,0.00014349999999999999,3.3000000000000003e-05
0.0039360000000000003,0.000164,3.3000000000000003e-05
0.0039360000000000003,0.00018450000000000001,3.3000000000000003e-05
0.0039360000000000003,0.000205,3.3000000000000003e-05
0.0039360000000000003,0.00022550000000000001,3.3000000000000003e-05
0.0039360000000000003,0.00024600000000000002,3.3000000000000003e-05
0.0039360000000000003,0.00026650000000000003,3.3000000000000003e-05
0.0039360000000000003,0.00028699999999999998,3.3000000000000003e-05
0.0039360000000000003,0.00030749999999999999,3.3000000000000003e-05
0.0039360000000000003,0.000328,3.3000000000000003e-05
0.0039360000000000003,0.00034850000000000001,3.3000000000000003e-05
0.0039360000000000003,0.00036900000000000002,3.3000000000000003e-05
0.0039360000000000003,0.00038949999999999998,3.3000000000000003e-05
0.0039360000000000003,0.00040999999999999999,3.3000000000000003e-05
0.0039360000000000003,0.0004305,3.3000000000000003e-05
0.0039360000000000003,0.00045100000000000001,3.3000000000000003e-05
0.0039360000000000003,0.00047150000000000002,3.3000000000000003e-05
0.0039975000000000002,2.05e-05,3.3000000000000003e-05
0.0039975000000000002,4.1e-05,3.3000000000000003e-05
0.0039975000000000002,6.1500000000000004e-05,3.3000000000000003e-05
0.0039975000000000002,8.2000000000000001e-05,3.3000000000000003e-05
0.0039975000000000002,0.0001025,3.3000000000000003e-05
0.0039975000000000002,0.00012300000000000001,3.3000000000000003e-05
0.0039975000000000002,0.00014349999999999999,3.3000000000000003e-05
0.0039975000000000002,0.000164,3.3000000000000003e-05
0.0039975000000000002,0.00018450000000000001,3.3000000000000003e-05
0.0039975000000000002,0.000205,3.3000000000000003e-05
0.0039975000000000002,0.00022550000000000001,3.3000000000000003e-05
0.0039975000000000002,0.00024600000000000002,3.3000000000000003e-05
0.0039975000000000002,0.00026650000000000003,3.3000000000000003e-05
0.0039975000000000002,0.00028699999999999998,3.3000000000000003e-05
0.0039975000000000002,0.00030749999999999999,3.3000000000000003e-05
0.0039975000000000002,0.000328,3.3000000000000003e-05
0.0039975000000000002,0.00034850000000000001,3.3000000000000003e-05
0.0039975000000000002,0.00036900000000000002,3.3000000000000003e-05
0.0039975000000000002,0.00038949999999999998,3.3000000000000003e-05
0.0039975000000000002,0.00040999999999999999,3.3000000000000003e-05
0.0039975000000000002,0.0004305,3.3000000000000003e-05
0.0039975000000000002,0.00045100000000000001,3.3000000000000003e-05
0.0039975000000000002,0.00047150000000000002,3.3000000000000003e-05
0.0040590000000000001,2.05e-05,3.3000000000000003e-05
0.0040590000000000001,4.1e-05,3.3000000000000003e-05
0.0040590000000000001,6.1500000000000004e-05,3.3000000000000003e-05
0.0040590000000000001,8.2000000000000001e-05,3.3000000000000003e-05
0.0040590000000000001,0.0001025,3.3000000000000003e-05
0.0040590000000000001,0.00012300000000000001,3.3000000000000003e-05
0.0040590000000000001,0.00014349999999999999,3.3000000000000003e-05
0.0040590000000000001,0.000164,3.3000000000000003e-05
0.0040590000000000001,0.00018450000000000001,3.3000000000000003e-05
0.0040590000000000001,0.000205,3.3000000000000003e-05
0.0040590000000000001,0.00022550000000000001,3.3000000000000003e-05
0.0040590000000000001,0.00024600000000000002,3.3000000000000003e-05
0.0040590000000000001,0.00026650000000000003,3.3000000000000003e-05
0.0040590000000000001,0.00028699999999999998,3.3000000000000003e-05
0.0040590000000000001,0.00030749999999999999,3.3000000000000003e-05
0.0040590000000000001,0.000328,3.3000000000000003e-05
0.0040590000000000001,0.00034850000000000001,3.3000000000000003e-05
0.0040590000000000001,0.00036900000000000002,3.3000000000000003e-05
0.0040590000000000001,0.00038949999999999998,3.3000000000000003e-05
0.0040590000000000001,0.00040999999999999999,3.3000000000000003e-05
0.0040590000000000001,0.0004305,3.3000000000000003e-05
0.0040590000000000001,0.00045100000000000001,3.3000000000000003e-05
0.0040590000000000001,0.00047150000000000002,3.3000000000000003e-05
0.0041205,2.05e-05,3.3000000000000003e-05
0.0041205,4.1e-05,3.3000000000000003e-05
0.0041205,6.1500000000000004e-05,3.3000000000000003e-05
0.0041205,8.2000000000000001e-05,3.3000000000000003e-05
0.0041205,0.0001025,3.3000000000000003e-05
0.0041205,0.00012300000000000001,3.3000000000000003e-05
0.0041205,0.00014349999999999999,3.3000000000000003e-05
0.0041205,0.000164,3.3000000000000003e-05
0.0041205,0.00018450000000000001,3.3000000000000003e-05
0.0041205,0.000205,3.3000000000000003e-05
0.0041205,0.00022550000000000001,3.3000000000000003e-05
0.0041205,0.00024600000000000002,3.3000000000000003e-05
0.0041205,0.00026650000000000003,3.3000000000000003e-05
0.0041205,0.00028699999999999998,3.3000000000000003e-05
0.0041205,0.00030749999999999999,3.3000000000000003e-05
0.0041205,0.000328,3.3000000000000003e-05
0.0041205,0.00034850000000000001,3.3000000000000003e-05
0.0041205,0.00036900000000000002,3.3000000000000003e-05
0.0041205,0.00038949999999999998,3.3000000000000003e-05
0.0041205,0.00040999999999999999,3.3000000000000003e-05
0.0041205,0.0004305,3.3000000000000003e-05
0.0041205,0.00045100000000000001,3.3000000000000003e-05
0.0041205,0.00047150000000000002,3.3000000000000003e-05
0.004182,2.05e-05,3.3000000000000003e-05
0.004182,4.1e-05,3.3000000000000003e-05
0.004182,6.1500000000000004e-05,3.3000000000000003e-05
0.004182,8.2000000000000001e-05,3.3000000000000003e-05
0.004182,0.0001025,3.3000000000000003e-05
0.004182,0.00012300000000000001,3.3000000000000003e-05
0.004182,0.00014349999999999999,3.3000000000000003e-05
0.004182,0.000164,3.3000000000000003e-05
0.004182,0.00018450000000000001,3.3000000000000003e-05
0.004182,0.000205,3.3000000000000003e-05
0.004182,0.00022550000000000001,3.3000000000000003e-05
0.004182,0.00024600000000000002,3.3000000000000003e-05
0.004182,0.00026650000000000003,3.3000000000000003e-05
0.004182,0.00028699999999999998,3.3000000000000003e-05
0.004182,0.00030749999999999999,3.3000000000000003e-05
0.004182,0.000328,3.3000000000000003e-05
0.004182,0.00034850000000000001,3.3000000000000003e-05
0.004182,0.00036900000000000002,3.3000000000000003e-05
0.004182,0.00038949999999999998,3.3000000000000003e-05
0.004182,0.00040999999999999999,3.3000000000000003e-05
0.004182,0.0004305,3.3000000000000003e-05
0.004182,0.00045100000000000001,3.3000000000000003e-05
0.004182,0.00047150000000000002,3.3000000000000003e-05
0.0042434999999999999,2.05e-05,3.3000000000000003e-05
0.0042434999999999999,4.1e-05,3.3000000000000003e-05
0.0042434999999999999,6.1500000000000004e-05,3.3000000000000003e-05
0.0042434999999999999,8.2000000000000001e-05,3.3000000000000003e-05
0.0042434999999999999,0.0001025,3.3000000000000003e-05
0.0042434999999999999,0.00012300000000000001,3.3000000000000003e-05
0.0042434999999999999,0.00014349999999999999,3.3000000000000003e-05
0.0042434999999999999,0.000164,3.3000000000000003e-05
0.0042434999999999999,0.00018450000000000001,3.3000000000000003e-05
0.0042434999999999999,0.000205,3.3000000000000003e-05
0.0042434999999999999,0.00022550000000000001,3.3000000000000003e-05
0.0042434999999999999,0.00024600000000000002,3.3000000000000003e-05
0.0042434999999999999,0.00026650000000000003,3.3000000000000003e-05
0.0042434999999999999,0.00028699999999999998,3.3000000000000003e-05
0.0042434999999999999,0.00030749999999999999,3.3000000000000003e-05
0.0042434999999999999,0.000328,3.3000000000000003e-05
0.0042434999999999999,0.00034850000000000001,3.3000000000000003e-05
0.0042434999999999999,0.00036900000000000002,3.3000000000000003e-05
0.0042434999999999999,0.00038949999999999998,3.3000000000000003e-05
0.0042434999999999999,0.00040999999999999999,3.3000000000000003e-05
0.0042434999999999999,0.0004305,3.3000000000000003e-05
0.0042434999999999999,0.00045100000000000001,3.3000000000000003e-05
0.0042434999999999999,0.00047150000000000002,3.3000000000000003e-05
0.0043049999999999998,2.05e-05,3.3000000000000003e-05
0.0043049999999999998,4.1e-05,3.3000000000000003e-05
0.0043049999999999998,6.1500000000000004e-05,3.3000000000000003e-05
0.0043049999999999998,8.2000000000000001e-05,3.3000000000000003e-05
0.0043049999999999998,0.0001025,3.3000000000000003e-05
0.0043049999999999998,0.00012300000000000001,3.3000000000000003e-05
0.0043049999999999998,0.00014349999999999999,3.3000000000000003e-05
0.0043049999999999998,0.000164,3.3000000000000003e-05
0.0043049999999999998,0.00018450000000000001,3.3000000000000003e-05
0.0043049999999999998,0.000205,3.3000000000000003e-05
0.0043049999999999998,0.00022550000000000001,3.3000000000000003e-05
0.0043049999999999998,0.00024600000000000002,3.3000000000000003e-05
0.0043049999999999998,0.00026650000000000003,3.3000000000000003e-05
0.0043049999999999998,0.00028699999999999998,3.3000000000000003e-05
0.0043049999999999998,0.00030749999999999999,3.3000000000000003e-05
0.0043049999999999998,0.000328,3.3000000000000003e-05
0.0043049999999999998,0.00034850000000000001,3.3000000000000003e-05
0.0043049999999999998,0.00036900000000000002,3.3000000000000003e-05
0.0043049999999999998,0.00038949999999999998,3.3000000000000003e-05
0.0043049999999999998,0.00040999999999999999,3.3000000000000003e-05
0.0043049999999999998,0.0004305,3.3000000000000003e-05
0.0043049999999999998,0.00045100000000000001,3.3000000000000003e-05
0.0043049999999999998,0.00047150000000000002,3.3000000000000003e-05
0.0043664999999999997,2.05e-05,3.3000000000000003e-05
0.0043664999999999997,4.1e-05,3.3000000000000003e-05
0.0043664999999999997,6.1500000000000004e-05,3.3000000000000003e-05
0.0043664999999999997,8.2000000000000001e-05,3.3000000000000003e-05
0.0043664999999999997,0.0001025,3.3000000000000003e-05
0.0043664999999999997,0.00012300000000000001,3.3000000000000003e-05
0.0043664999999999997,0.00014349999999999999,3.3000000000000003e-05
0.0043664999999999997,0.000164,3.3000000000000003e-05
0.0043664999999999997,0.00018450000000000001,3.3000000000000003e-05
0.0043664999999999997,0.000205,3.3000000000000003e-05
0.0043664999999999997,0.00022550000000000001,3.3000000000000003e-05
0.0043664999999999997,0.00024600000000000002,3.3000000000000003e-05
0.0043664999999999997,0.00026650000000000003,3.3000000000000003e-05
0.0043664999999999997,0.00028699999999999998,3.3000000000000003e-05
0.0043664999999999997,0.00030749999999999999,3.3000000000000003e-05
0.0043664999999999997,0.000328,3.3000000000000003e-05
0.0043664999999999997,0.00034850000000000001,3.3000000000000003e-05
0.0043664999999999997,0.00036900000000000002,3.3000000000000003e-05
0.0043664999999999997,0.00038949999999999998,3.3000000000000003e-05
0.0043664999999999997,0.00040999999999999999,3.3000000000000003e-05
0.0043664999999999997,0.0004305,3.3000000000000003e-05
0.0043664999999999997,0.00045100000000000001,3.3000000000000003e-05
0.0043664999999999997,0.00047150000000000002,3.3000000000000003e-05
0.0044279999999999996,2.05e-05,3.3000000000000003e-05
0.0044279999999999996,4.1e-05,3.3000000000000003e-05
0.0044279999999999996,6.1500000000000004e-05,3.3000000000000003e-05
0.0044279999999999996,8.2000000000000001e-05,3.3000000000000003e-05
0.0044279999999999996,0.0001025,3.3000000000000003e-05
0.0044279999999999996,0.00012300000000000001,3.3000000000000003e-05
0.0044279999999999996,0.00014349999999999999,3.3000000000000003e-05
0.0044279999999999996,0.000164,3.3000000000000003e-05
0.0044279999999999996,0.00018450000000000001,3.3000000000000003e-05
0.0044279999999999996,0.000205,3.3000000000000003e-05
0.0044279999999999996,0.00022550000000000001,3.3000000000000003e-05
0.0044279999999999996,0.00024600000000000002,3.3000000000000003e-05
0.0044279999999999996,0.00026650000000000003,3.3000000000000003e-05
0.0044279999999999996,0.00028699999999999998,3.3000000000000003e-05
0.0044279999999999996,0.00030749999999999999,3.3000000000000003e-05
0.0044279999999999996,0.000328,3.3000000000000003e-05
0.0044279999999999996,0.00034850000000000001,3.3000000000000003e-05
0.0044279999999999996,0.00036900000000000002,3.3000000000000003e-05
0.0044279999999999996,0.00038949999999999998,3.3000000000000003e-05
0.0044279999999999996,0.00040999999999999999,3.3000000000000003e-05
0.0044279999999999996,0.0004305,3.3000000000000003e-05
0.0044279999999999996,0.00045100000000000001,3.3000000000000003e-05
0.0044279999999999996,0.00047150000000000002,3.3000000000000003e-05
0.0044894999999999996,2.05e-05,3.3000000000000003e-05
0.0044894999999999996,4.1e-05,3.3000000000000003e-05
0.0044894999999999996,6.1500000000000004e-05,3.3000000000000003e-05
0.0044894999999999996,8.2000000000000001e-05,3.3000000000000003e-05
0.0044894999999999996,0.0001025,3.3000000000000003e-05
0.0044894999999999996,0.00012300000000000001,3.3000000000000003e-05
0.0044894999999999996,0.00014349999999999999,3.3000000000000003e-05
0.0044894999999999996,0.000164,3.3000000000000003e-05
0.0044894999999999996,0.00018450000000000001,3.3000000000000003e-05
0.0044894999999999996,0.000205,3.3000000000000003e-05
0.0044894999999999996,0.00022550000000000001,3.3000000000000003e-05
0.0044894999999999996,0.00024600000000000002,3.3000000000000003e-05
0.0044894999999999996,0.00026650000000000003,3.3000000000000003e-05
0.0044894999999999996,0.00028699999999999998,3.3000000000000003e-05
0.0044894999999999996,0.00030749999999999999,3.3000000000000003e-05
0.0044894999999999996,0.000328,3.3000000000000003e-05
0.0044894999999999996,0.00034850000000000001,3.3000000000000003e-05
0.0044894999999999996,0.00036900000000000002,3.3000000000000003e-05
0.0044894999999999996,0.00038949999999999998,3.3000000000000003e-05
0.0044894999999999996,0.00040999999999999999,3.3000000000000003e-05
0.0044894999999999996,0.0004305,3.3000000000000003e-05
0.0044894999999999996,0.00045100000000000001,3.3000000000000003e-05
0.0044894999999999996,0.00047150000000000002,3.3000000000000003e-05
0.0045510000000000004,2.05e-05,3.3000000000000003e-05
0.0045510000000000004,4.1e-05,3.3000000000000003e-05
0.0045510000000000004,6.1500000000000004e-05,3.3000000000000003e-05
0.0045510000000000004,8.2000000000000001e-05,3.3000000000000003e-05
0.0045510000000000004,0.0001025,3.3000000000000003e-05
0.0045510000000000004,0.00012300000000000001,3.3000000000000003e-05
0.0045510000000000004,0.00014349999999999999,3.3000000000000003e-05
0.0045510000000000004,0.000164,3.3000000000000003e-05
0.0045510000000000004,0.00018450000000000001,3.3000000000000003e-05
0.0045510000000000004,0.000205,3.3000000000000003e-05
0.0045510000000000004,0.00022550000000000001,3.3000000000000003e-05
0.0045510000000000004,0.00024600000000000002,3.3000000000000003e-05
0.0045510000000000004,0.00026650000000000003,3.3000000000000003e-05
0.0045510000000000004,0.00028699999999999998,3.3000000000000003e-05
0.0045510000000000004,0.00030749999999999999,3.3000000000000003e-05
0.0045510000000000004,0.000328,3.3000000000000003e-05
0.0045510000000000004,0.00034850000000000001,3.3000000000000003e-05
0.0045510000000000004,0.00036900000000000002,3.3000000000000003e-05
0.0045510000000000004,0.00038949999999999998,3.3000000000000003e-05
0.0045510000000000004,0.00040999999999999999,3.3000000000000003e-05
0.0045510000000000004,0.0004305,3.3000000000000003e-05
0.0045510000000000004,0.00045100000000000001,3.3000000000000003e-05
0.0045510000000000004,0.00047150000000000002,3.3000000000000003e-05
0.0046125000000000003,2.05e-05,3.3000000000000003e-05
0.0046125000000000003,4.1e-05,3.3000000000000003e-05
0.0046125000000000003,6.1500000000000004e-05,3.3000000000000003e-05
0.0046125000000000003,8.2000000000000001e-05,3.3000000000000003e-05
0.0046125000000000003,0.0001025,3.3000000000000003e-05
0.0046125000000000003,0.00012300000000000001,3.3000000000000003e-05
0.0046125000000000003,0.00014349999999999999,3.3000000000000003e-05
0.0046125000000000003,0.000164,3.3000000000000003e-05
0.0046125000000000003,0.00018450000000000001,3.3000000000000003e-05
0.0046125000000000003,0.000205,3.3000000000000003e-05
0.0046125000000000003,0.00022550000000000001,3.3000000000000003e-05
0.0046125000000000003,0.00024600000000000002,3.3000000000000003e-05
0.0046125000000000003,0.00026650000000000003,3.3000000000000003e-05
0.0046125000000000003,0.00028699999999999998,3.3000000000000003e-05
0.0046125000000000003,0.00030749999999999999,3.3000000000000003e-05
0.0046125000000000003,0.000328,3.3000000000000003e-05
0.0046125000000000003,0.00034850000000000001,3.3000000000000003e-05
0.0046125000000000003,0.00036900000000000002,3.3000000000000003e-05
0.0046125000000000003,0.00038949999999999998,3.3000000000000003e-05
0.0046125000000000003,0.00040999999999999999,3.3000000000000003e-05
0.0046125000000000003,0.0004305,3.3000000000000003e-05
0.0046125000000000003,0.00045100000000000001,3.3000000000000003e-05
0.0046125000000000003,0.00047150000000000002,3.3000000000000003e-05
0.0046740000000000002,2.05e-05,3.3000000000000003e-05
0.0046740000000000002,4.1e-05,3.3000000000000003e-05
0.0046740000000000002,6.1500000000000004e-05,3.3000000000000003e-05
0.0046740000000000002,8.2000000000000001e-05,3.3000000000000003e-05
0.0046740000000000002,0.0001025,3.3000000000000003e-05
0.0046740000000000002,0.00012300000000000001,3.3000000000000003e-05
0.0046740000000000002,0.00014349999999999999,3.3000000000000003e-05
0.0046740000000000002,0.000164,3.3000000000000003e-05
0.0046740000000000002,0.00018450000000000001,3.3000000000000003e-05
0.0046740000000000002,0.000205,3.3000000000000003e-05
0.0046740000000000002,0.00022550000000000001,3.3000000000000003e-05
0.0046740000000000002,0.00024600000000000002,3.3000000000000003e-05
0.0046740000000000002,0.00026650000000000003,3.3000000000000003e-05
0.0046740000000000002,0.00028699999999999998,3.3000000000000003e-05
0.0046740000000000002,0.00030749999999999999,3.3000000000000003e-05
0.0046740000000000002,0.000328,3.3000000000000003e-05
0.0046740000000000002,0.00034850000000000001,3.3000000000000003e-05
0.0046740000000000002,0.00036900000000000002,3.3000000000000003e-05
0.0046740000000000002,0.00038949999999999998,3.3000000000000003e-05
0.0046740000000000002,0.00040999999999999999,3.3000000000000003e-05
0.0046740000000000002,0.0004305,3.3000000000000003e-05
0.0046740000000000002,0.00045100000000000001,3.3000000000000003e-05
0.0046740000000000002,0.00047150000000000002,3.3000000000000003e-05
0.0047355000000000001,2.05e-05,3.3000000000000003e-05
0.0047355000000000001,4.1e-05,3.3000000000000003e-05
0.0047355000000000001,6.1500000000000004e-05,3.3000000000000003e-05
0.0047355000000000001,8.2000000000000001e-05,3.3000000000000003e-05
0.0047355000000000001,0.0001025,3.3000000000000003e-05
0.0047355000000000001,0.00012300000000000001,3.3000000000000003e-05
0.0047355000000000001,0.00014349999999999999,3.3000000000000003e-05
0.0047355000000000001,0.000164,3.3000000000000003e-05
0.0047355000000000001,0.00018450000000000001,3.3000000000000003e-05
0.0047355000000000001,0.000205,3.3000000000000003e-05
0.0047355000000000001,0.00022550000000000001,3.3000000000000003e-05
0.0047355000000000001,0.00024600000000000002,3.3000000000000003e-05
0.0047355000000000001,0.00026650000000000003,3.3000000000000003e-05
0.0047355000000000001,0.00028699999999999998,3.3000000000000003e-05
0.0047355000000000001,0.00030749999999999999,3.3000000000000003e-05
0.0047355000000000001,0.000328,3.3000000000000003e-05
0.0047355000000000001,0.00034850000000000001,3.3000000000000003e-05
0.0047355000000000001,0.00036900000000000002,3.3000000000000003e-05
0.0047355000000000001,0.00038949999999999998,3.3000000000000003e-05
0.0047355000000000001,0.00040999999999999999,3.3000000000000003e-05
0.0047355000000000001,0.0004305,3.3000000000000003e-05
0.0047355000000000001,0.00045100000000000001,3.3000000000000003e-05
0.0047355000000000001,0.00047150000000000002,3.3000000000000003e-05
0.004797,2.05e-05,3.3000000000000003e-05
0.004797,4.1e-05,3.3000000000000003e-05
0.004797,6.1500000000000004e-05,3.3000000000000003e-05
0.004797,8.2000000000000001e-05,3.3000000000000003e-05
0.004797,0.0001025,3.3000000000000003e-05
0.004797,0.00012300000000000001,3.3000000000000003e-05
0.004797,0.00014349999999999999,3.3000000000000003e-05
0.004797,0.000164,3.3000000000000003e-05
0.004797,0.00018450000000000001,3.3000000000000003e-05
0.004797,0.000205,3.3000000000000003e-05
0.004797,0.00022550000000000001,3.3000000000000003e-05
0.004797,0.00024600000000000002,3.3000000000000003e-05
0.004797,0.00026650000000000003,3.3000000000000003e-05
0.004797,0.00028699999999999998,3.3000000000000003e-05
0.004797,0.00030749999999999999,3.3000000000000003e-05
0.004797,0.000328,3.3000000000000003e-05
0.004797,0.00034850000000000001,3.3000000000000003e-05
0.004797,0.00036900000000000002,3.3000000000000003e-05
0.004797,0.00038949999999999998,3.3000000000000003e-05
0.004797,0.00040999999999999999,3.3000000000000003e-05
0.004797,0.0004305,3.3000000000000003e-05
0.004797,0.00045100000000000001,3.3000000000000003e-05
0.004797,0.00047150000000000002,3.3000000000000003e-05
0.0048585,2.05e-05,3.3000000000000003e-05
0.0048585,4.1e-05,3.3000000000000003e-05
0.0048585,6.1500000000000004e-05,3.3000000000000003e-05
0.0048585,8.2000000000000001e-05,3.3000000000000003e-05
0.0048585,0.0001025,3.3000000000000003e-05
0.0048585,0.00012300000000000001,3.3000000000000003e-05
0.0048585,0.00014349999999999999,3.3000000000000003e-05
0.0048585,0.000164,3.3000000000000003e-05
0.0048585,0.00018450000000000001,3.3000000000000003e-05
0.0048585,0.000205,3.3000000000000003e-05
0.0048585,0.00022550000000000001,3.3000000000000003e-05
0.0048585,0.00024600000000000002,3.3000000000000003e-05
0.0048585,0.00026650000000000003,3.3000000000000003e-05
0.0048585,0.00028699999999999998,3.3000000000000003e-05
0.0048585,0.00030749999999999999,3.3000000000000003e-05
0.0048585,0.000328,3.3000000000000003e-05
0.0048585,0.00034850000000000001,3.3000000000000003e-05
0.0048585,0.00036900000000000002,3.3000000000000003e-05
0.0048585,0.00038949999999999998,3.3000000000000003e-05
0.0048585,0.00040999999999999999,3.3000000000000003e-05
0.0048585,0.0004305,3.3000000000000003e-05
0.0048585,0.00045100000000000001,3.3000000000000003e-05
0.0048585,0.00047150000000000002,3.3000000000000003e-05
0.0049199999999999999,2.05e-05,3.3000000000000003e-05
0.0049199999999999999,4.1e-05,3.3000000000000003e-05
0.0049199999999999999,6.1500000000000004e-05,3.3000000000000003e-05
0.0049199999999999999,8.2000000000000001e-05,3.3000000000000003e-05
0.0049199999999999999,0.0001025,3.3000000000000003e-05
0.0049199999999999999,0.00012300000000000001,3.3000000000000003e-05
0.0049199999999999999,0.00014349999999999999,3.3000000000000003e-05
0.0049199999999999999,0.000164,3.3000000000000003e-05
0.0049199999999999999,0.00018450000000000001,3.3000000000000003e-05
0.0049199999999999999,0.000205,3.3000000000000003e-05
0.0049199999999999999,0.00022550000000000001,3.3000000000000003e-05
0.0049199999999999999,0.00024600000000000002,3.3000000000000003e-05
0.0049199999999999999,0.00026650000000000003,3.3000000000000003e-05
0.0049199999999999999,0.00028699999999999998,3.3000000000000003e-05
0.0049199999999999999,0.00030749999999999999,3.3000000000000003e-05
0.0049199999999999999,0.000328,3.3000000000000003e-05
0.0049199999999999999,0.00034850000000000001,3.3000000000000003e-05
0.0049199999999999999,0.00036900000000000002,3.3000000000000003e-05
0.0049199999999999999,0.00038949999999999998,3.3000000000000003e-05
0.0049199999999999999,0.00040999999999999999,3.3000000000000003e-05
0.0049199999999999999,0.0004305,3.3000000000000003e-05
0.0049199999999999999,0.00045100000000000001,3.3000000000000003e-05
0.0049199999999999999,0.00047150000000000002,3.3000000000000003e-05
